id,text,label,channel,source_dataset,source_type,is_human_written,is_ai_generated,is_ai_rewritten,is_banking_candidate,banking_keyword,brand_mentioned,requested_action,intent_type,has_url,url,notes,predicted_binary_label,phishing_probability,predicted_label,auto_requested_action,auto_intent_type,auto_brand_mentioned,auto_has_url_like_pattern,priority_reason,manual_banking_related,manual_requested_action,manual_intent_type,manual_brand_mentioned,manual_notes,strict_banking_related,strict_review_reason,label_norm
cross_model_human-a4d741473cdfe44e,"CONFIDENTIAL Dear Sir, I am Mr. JJ WALTER the Auditor General of United Bank Of Africa(UBA). There Is an Account opened in this bank in 1980 and since 1990 no body has Operated on this account again. After going through some old files in the records I discovered that if I do not remit this money out urgently it would be fortified for nothing. The owner of this account is Dr.Phillip Morris , a Foreigner and a miner at delth Gold Co, a geologist by Profession. He died since 1990. And no other person knows about this account or anything concerning it. The account has no other beneficiary and my Investigation Proved to me as well that his company does not know anything about his Account and the amount involved is USD 36m) Thirty Six Million United States Dollars. I am only contacting you as a foreigner because the bank is going to welcome you as a foreigner and for the fact you have the correct information about the account, which I will give to you before we proceed. I strongly believe in God that you will never let me down in this business because you are the only person i have contacted in this business. I need youre full co-operation to make this work fine.If you are Capable to handle such amount in strict confidence and trust according to My instructions and advice we will achieve this money immediately, because this opportunity might not Come again in life. I will also use my Position in the bank to Influence and affect legal approvals and immediate onward transfer of this Money into your account with appropriate clearance from the ministries and Foreign Exchange department. Once we conclude this transfer, you will get 25% of the total amount as your own share. As soon as I receive your response, we will proceed with the transfer. I look forward to your earliest reply through this email or [EMAIL] Yours sincerely, Mr. JJ WALTER",phishing,email,cross_model_human,human_phishing_corpus,TRUE,FALSE,FALSE,True,bank|account|transfer,,transfer_money,financial_transfer,False,,upstream_source=Nigerian_Fraud;package_authorship=human;all_rows_phishing,1,0.954080393,phishing,reply_with_code,invoice_or_payment,"discover, bank",no,brand_or_payment_mention;,,,,,,yes,strong banking/payment-account indicators,phishing
cross_model_human-5a28f7a931cb7c29,"banker Lloyds TSB Group plc 25 Gresham Street London EC2V 7HN Attn....... I discovered a dormant account in my office, as Group finance director with Lloyds bank London.It will be in my interest to transfer this fund worth $55,000,000(fifty five million dollars) in an accountoffshore. If you can be a collaborator to this please indicate interest immediately for us to proceed. Remember this is absolutely confidential. My husband does not know about his risk taking. My family will be in shambles if it burst out and i will also be in trouble aswell as loose my precious job. Your contact phone numbers and name will be necessary for this effect. Regards and respect, Cynthia Wood and Helen Weir. Group Finance Director Lloyds bank London.",phishing,email,cross_model_human,human_phishing_corpus,TRUE,FALSE,FALSE,True,bank|account|transfer,,call_phone,contact_request,False,,upstream_source=Nigerian_Fraud;package_authorship=human;all_rows_phishing,1,0.755186826,phishing,call_number,invoice_or_payment,"discover, bank",no,brand_or_payment_mention;,,,,,,yes,strong banking/payment-account indicators,phishing
cross_model_human-b25a505d9d00f5aa,"errol with hawthorn Hello, Your refinance application has been accepted. We are ready to give you a loan. There is no obligation and this is a FREE quote! *Debt Consolidation. *Home Improvement. *Refinancing. *Second Mortgage. *Equity Line of Credit. *First Purchase. Visit here for more information Expect to be contacted within 24 Hours. hxxp://catlsjurces[.]com",phishing,email,cross_model_human,human_phishing_corpus,TRUE,FALSE,FALSE,True,credit,,unknown,unknown,True,hxxp://catlsjurces[.]com,upstream_source=TREC-07;package_authorship=human;all_rows_phishing,1,0.757592754,phishing,click_link,unknown,chase,yes,brand_or_payment_mention;url_like_pattern;,,,,,,yes,strong banking/payment-account indicators,phishing
cross_model_human-59ba760506325558,"INVESTMENT PROPOSAL Dear Friend, I am Larisa Sosnitskaya and I represent Mr. Mikhail Khordokovsky the former C.E.O of Yukos Oil Company in Russia. I have a very sensitive and confidential brief from this top (oligarch) to ask for your partnership in re-profiling funds US$46 Million. I will give the details, but in summary, the funds are coming via Bank Menatep. This is a legitimate transaction. You will be paid 20% as your commission/compensation for your active efforts and contributions to the success of this transaction. You can catch more of the story on this website below or you can watch more of CCN or BBC to get more news about my boss. hxxp://www[.]mosnews[.]com/mn-files/khodorkovsky[.]shtml hxxp://www[.]mbktrial[.]com/ hxxp://news[.]bbc[.]co[.]uk/1/hi/business/3213505[.]stm hxxp://www[.]themoscowtimes[.]com/stories/2005/04/11/041[.]html hxxp://www[.]nndb[.]com/people/633/[PHONE]/ If you are interested, please do indicate by providing me with your confidential telephone number, fax number and email address and I will provide further details and instructions. Please keep this confidential as we cannot afford more political problems. Please do send me your response as soon as possible via my personal email: [EMAIL] looking forward to hearing from you. Regards, Larisa Sosnitskaya.",phishing,email,cross_model_human,human_phishing_corpus,TRUE,FALSE,FALSE,True,bank|transaction,,unknown,unknown,True,hxxp://www[.]mosnews[.]com/mn-files/khodorkovsky[.]shtml|hxxp://www[.]mbktrial[.]com/|hxxp://news[.]bbc[.]co[.]uk/1/hi/business/3213505[.]stm|hxxp://www[.]themoscowtimes[.]com/stories/2005/04/11/041[.]html|hxxp://www[.]nndb[.]com/people/633/[PHONE]/,upstream_source=Nigerian_Fraud;package_authorship=human;all_rows_phishing,1,0.973951966,phishing,call_number,invoice_or_payment,bank,yes,brand_or_payment_mention;url_like_pattern;,,,,,,yes,strong banking/payment-account indicators,phishing
cross_model_human-4af02e5702391335,"Sincerely Yours Mr Dennis With urgent attention !!!!!! >From the Desk of the Chairman of the Board Directors of Finance Bank of scotland Dear Friend, My name is Mr Dennis Stevenson, an executive staff and The Chairman of the Board Directors of Finance here in our bank. I have only written to seek your indulgence and assistance. I know this is coming as a suprise but it is the truth. Keep this confidential. (Fifteen-million pounds sterlings) (£15,000,000)pounds sterlings is what we are talking about. All i need from you is your utmost trust and honesty. I am proposing to make the transfer of the above mentioned money to a designated bank account of your choice. Thus, i need your indulgence and support.I will be furnishing you with the details of the transaction as soon as i get a positive response from you. This email is an awareness . It is of great importance to let you know that this business is strictly CONFIDENTIAL. Kindly reply me stating your interest, and I shall furnish you with the details and necessary procedures with which to make the transfer. I anxiously await your response. Send your replies to .You can also call me on my mobile [PHONE] Thanks and Godbless you. Sincerely Yours, Mr Dennis Stevenson.",phishing,email,cross_model_human,human_phishing_corpus,TRUE,FALSE,FALSE,True,bank|account|transaction|transfer,,transfer_money,financial_transfer,False,,upstream_source=Nigerian_Fraud;package_authorship=human;all_rows_phishing,1,0.796930254,phishing,call_number,invoice_or_payment,"boa, bank",no,brand_or_payment_mention;,,,,,,yes,strong banking/payment-account indicators,phishing
cross_model_human-e1f819cd3c07b1b4,"confirm This Transaction Confirm Your Transactions Confirm Your Transactions For your security: Hello, We blocked a transaction from an unknow Geo-Location. Confirm your Login credentials, four digit CID and your card three digit security code to Reactivate your card and online access. Login after the verification process to ensure all your transactions are accurate. Confirm Credentials Thank you for choosing American Express. American Express Customer Care Account : 37********* Privacy Statement | Add us to your address book Your Account information is included above to help you recognize this as a customer service e-mail from AmericanExpress. To learn more about e-mail security or report a suspicious e-mail, please visit us at americanexpress.com/phishing. We kindly ask you not to reply to this e-mail but instead contact us via Customer Care. © 2018 American Express. All rights reserved. ADCEUADC0070001 // document.body.onload=function(){document.body.offsetHeight;window.print()}; // Confirm Your Transactions Confirm Your Transactions For your security: Hello, We blocked a transaction from an unknow Geo-Location. Confirm your Login credentials, four digit CID and your card three digit security code to Reactivate your card and online access. Login after the verification process to ensure all your transactions are accurate. Confirm Credentials Thank you for choosing American Express. American Express Customer Care Account : 37********* Privacy Statement | Add us to your address book Your Account information is included above to help you recognize this as a customer service e-mail from AmericanExpress. To learn more about e-mail security or report a suspicious e-mail, please visit us at americanexpress.com/phishing. We kindly ask you not to reply to this e-mail but instead contact us via Customer Care. © 2018 American Express. All rights reserved. ADCEUADC0070001",phishing,email,cross_model_human,human_phishing_corpus,TRUE,FALSE,FALSE,True,account|card|transaction|security|suspicious|login|code|American Express,American Express,provide_credentials,credential_theft,False,,upstream_source=Nazario;package_authorship=human;all_rows_phishing,1,0.909474003,phishing,click_link,account_locked,american express,yes,brand_or_payment_mention;url_like_pattern;,,,,,,yes,strong banking/payment-account indicators,phishing
cross_model_human-3629db007136a379,"***SPAM*** PASCAL Dear sir, This business will be of interest to you and your business and involves $30,000,000.00, which emanated from over invoiced contracts executed on behalf of my ministry of minerals and Energy, by foreign contractor. Though the actual contract value has been paid to the original contractor, GUILDER MINING (PTY) SA, now in-liquidation. We have however included our billforthe over invoiced amount of US$30m amongst the present bills that are scheduled for payment in the name of the company in-liquidation. We have also planned the execution of this deal perfectly both in the area of documentation and the changing of beneficiary from the company in liquidation that we had used to apply for payment, to the name, which you will forward to us. I shall supply you with all the relevant documents relating to this transaction as soon as we establish a working relationship. . This transaction is itself risk free and should be concluded within the next ten to fourteen working days if you follow my instructions carefully and we work closely as a team. . Where you are going to come in is this. We are going to effect a change of company name from GUILDER MINING (PTY) SA to your company so as to legalize your company as the bona fide beneficiary of the contract sum. In this regard we will do the incorporation of your company here and reflect your company as having taken over the assets of Guilder Mining (pty). Once we complete this process, your company will now be legally entitled to the US$30m, which the Department of Minerals and Energy owes GUILDER MINING (PTY) SA. We will thereafter use your company's name to apply for the payment of the US$30m into your company's designated account. This application we will process here in my Ministry and the approved Payment Recommendation sent to the Ministry of Finance, whi! ch will authorize the South African Reserve Bank to effect the transfer of the fund to your designated account. For assisting us with a receiving account and a company name, we propose 20% of the contract amount of US$30m for you and 10% for taxes, phone, fax and other incidental expenses that we may incur in the course of the eventual realization of the transaction. Meanwhile, please send me your confidential telephone/fax numbers, to enable us to speak first and know ourselves better. You can also contact me on my confidential sat phone-00+[PHONE] fax-00+[PHONE]. I promise that you will not regret helping us, you have my personal word of honor. My colleagues and I strive for the commitment to operate only on high standards of integrity and honesty. We need the same honesty and commitment to this transaction from you. Thank you for your anticipated cooperation. My Sincere Regards. Dr Pascal Ugoti",phishing,email,cross_model_human,human_phishing_corpus,TRUE,FALSE,FALSE,True,bank|account|payment|transaction|transfer,,transfer_money,financial_transfer,False,,upstream_source=Nigerian_Fraud;package_authorship=human;all_rows_phishing,1,0.880913913,phishing,call_number,invoice_or_payment,bank,no,brand_or_payment_mention;,,,,,,yes,strong banking/payment-account indicators,phishing
cross_model_human-27d3dfd8589e8671,"Memo from lisa Dear Friend, This mail will come as a surprise to you having not seen each other face to face for the first time.I am Lisa Jaime Savimbi,the wife tolate Jonas Savimbi,the leader of the national Union for The Total Independence of Angola (UNITA). My husband was killed during a combat action against government forces in Moxico, Angola on the 22nd of Feb. 2002. you might wish to view the news on this websitehxxp://news[.]bbc[.]co[.]uk/1/hi/world/africa/1839252[.]stmI am contacting you because of my need to deal with a person whom my family had no previous relationship. Since the death of my husband, my family has been subjected to all sorts of harassment and intimidation with lots of negative report emanating from the government of President Santos about my husband. The present government has also ensured that all our bank accounts are frozen,and all assets seized.It is in view of this that I seek your assistance in investing and managing the sum of Thirty five Million United State Dollars in your country, being the very last of my family funds in my possession and control unknown to the government. This money now in question came as a result of Diamond Royalties that was paid to my late husband from the Diamond mining within the areas in Angola being controlled by(UNITA)for more than a decade. Right now, the present government has intensified their probe on my family`s financial resources; frozen all our known foreign & local accounts,and even detained my son (Charles) on alleged flimsy charges just because my husband before his death was the head of UNITA. As a result I urgently need a foreign partner, somebody who must acknowledge my dilemma and willingly assist and help me in the following ways (1)To assist by accepting to have this fund transferd into your foreign or provided account. (2)To act as my guidian and overseer and also help me to invest this money in any profitable business venture because I have a very little knowledge in business. However I propose giving you 20% of the total sum to you or your company for the expected services and assistance.But please try and keep everything concerning this transfer very confidential for security reasons.And if you're ready and willing to assist me in retrieving this deposit,please kindly reach me back immediately so that I can furnish you with the entire details. Thanks for your corperation and remain blessed. Best regards, Mrs lisa savimbi",phishing,email,cross_model_human,human_phishing_corpus,TRUE,FALSE,FALSE,True,bank|account|transfer|deposit|security,,unknown,unknown,True,hxxp://news[.]bbc[.]co[.]uk/1/hi/world/africa/1839252[.]stmI,upstream_source=Nigerian_Fraud;package_authorship=human;all_rows_phishing,1,0.957481343,phishing,make_payment,account_locked,bank,yes,brand_or_payment_mention;url_like_pattern;,,,,,,yes,strong banking/payment-account indicators,phishing
cross_model_human-1b45c900a3dad3aa,"Attn:My Dear Friend, Attn:My Dear Friend, With God mercy, I eventually concluded the deal with another foreigner fellow. In respective of the fact that our earlier collaboration in the project did not quite work out then due to circumstances which wasn't your fault nor mine,I quite appeciated your support to me in pursuit of this course in the past. For this singular reason, I provided the sum of U.S$900,000.00 in certified bank draft for you and left it with my attorney in Benin for you shortly before I jetted out of the country with my wife and children to pursue investment with my share of the proceeds. In order to get this amount released to you as per my standing instruction, do get in touch with my attorney in person of BARR.MICHAEL RHODES on his private email address ( [EMAIL] ) Upon receipt of this allotted sum from my attortney, do notify me in writing because it is my wish that you enjoy the fruit of our labour as am doing at this moment with my family. I will be expecting your earliest response confirming you have received and cashed the draft thus strengthening our existing relationship for more fruitful cooperation in future. Till then,I remain; Yours Sincerely, Mr.Aminu Martins ************** Registrati ad Alice Basic e scarica Alice Messenger, il nuovo instant messenger che ti fa chattare GRATIS con i tuoi amici! Per maggiori informazioni vai su: hxxp://adsl[.]alice[.]it/servizi/alicebasic[.]html?pmk=psmail_foot01",phishing,email,cross_model_human,human_phishing_corpus,TRUE,FALSE,FALSE,True,bank,,unknown,unknown,True,hxxp://adsl[.]alice[.]it/servizi/alicebasic[.]html?pmk=psmail_foot01,upstream_source=Nigerian_Fraud;package_authorship=human;all_rows_phishing,1,0.844979128,phishing,unknown,fake_support,bank,yes,brand_or_payment_mention;url_like_pattern;,,,,,,yes,strong banking/payment-account indicators,phishing
cross_model_human-64b2d51ad995c3b1,"FW: Information rgearding the position Good day Henna!!. To Prospective Employee You have been contacted as a potential employee who has registered on one of DoubleClick Inc websties. My name is James Klint , projcet coordinator and your direct supervisor at WC AG Inc. I will try to explain about our company and the entry level position available in a nutshell. WC AG Inc.. currently offers a secure, fast, and inexpensive means to transfer funds and goods internationally . WC AG Inc. hedaquarters are located in Voigtstrasse 3 ,10247 Berlin,Germany. There are 15-25 openings for a representative (depending on client activity) to assist in creation our virtual local presence fort he back office functions. Person, who is accepted for this position, will perform these tasks: · Responsible for processing the applications · Process work requests necessary to maintain an effective payments transfer program; · Managing cash and balancing receipts; · Making collections; · Posting payments; · Making bank deposits; · Operating within prescribed budgets; · Consult with Senior Manager in developing payment schedules; · Coordinate the assignments; · Operate a computer and modern software to operate and maintain a computerized operations program; · Perform related duties and responsibilities as required You will be compensated for the time spent on each project at a $21.00 per hour rate. You will be paid every two weeks via corporate check! Also you will receive 3% commission from the transaction amount! You must have a bank account to receive wages from us. Dependant on your work results, you might be hired on a full time basis within 1-2 months. Please remember that no self respecting company will ask you for any upfront fees or any kind of payment to begin employment! Please note that while is no prior experience requirmeents, good communications skills and responsible personality is a plus! If you are interested please email me James Klint at [EMAIL] with 'Interested' in a subject line to receive further information. Please note that at this time we ar eaccepting applications from US, Canada and EU residents only, please DO NOT apply if you are not. Your information will be used only within WC AG Inc.. vEery employee, who satisfies our requirements, will be contacted by our manager via e-mail. Phone interviews will be mandatory before full time employment! Sincerely, Human Resource Manager James Klint Voigtstrasse 3 10247 Berlin Germany Customer service: Fax: [PHONE] Clint Thompson",phishing,email,cross_model_human,human_phishing_corpus,TRUE,FALSE,FALSE,True,bank|account|payment|transaction|transfer,,transfer_money,financial_transfer,False,,upstream_source=TREC-07;package_authorship=human;all_rows_phishing,1,0.949760835,phishing,click_link,payment_failed,bank,no,brand_or_payment_mention;,,,,,,yes,strong banking/payment-account indicators,phishing
cross_model_human-bc6a03b7cdbeb339,"PLEASE REPLY TO: [EMAIL] DEAR FRIEND, I AM MR. ADAMA J.K KAMBORE, THE BILL AND EXCHANGE MANAGER AT THE FOREIGN EXCHANGE DEPARTMENT OF INTERNATIONAL BANK OF BURKINA (IBB) OUAGADOUGOU IN BURKINA FASO. WITH DUE RESPECT AND REGARDS, I HAVE DECIDED TO CONTACT YOU ON A BUSINESS TRANSACTION THAT WILL BE VERY BENEFICIAL TO BOTH OF US AT THE END OF THE TRANSACTION.DURING MY INVESTIGATION AND AUDITING IN MY DEPARTMENT, I CAME ACROSS A VERY HUGE SUM OF MONEY BELONGING TO A DECEASED PERSON, A FOREIGNER WHO DIED IN A PLANE CRASH WITH HIS INTIRE FAMILY. REPLY ONLY TO MY PRIVATE E-MAIL [EMAIL] ------------------------------------ THE FUND HAS BEEN IN HIS ACCOUNT WITH THE BANK WITHOUT ANY CLAIM OF THE FUND IN OUR CUSTODY EITHER FROM HIS FAMILY OR RELATION BEFORE OUR DISCOVERY TO THIS DEVELOPMENT. ALTHOUGH PERSONALLY, I KEPT THIS INFORMATION SECRET WITHIN MYSELF TO ENABLE THE WHOLE PLANS AND IDEA BE PROFITABLE AND SUCCESSFUL DURING THE TIME OF EXECUTION. THE AMOUNT INVOLVED IS USD$10.500,000 (TEN MILLION FIVE HUNDRED THOUSAND U.S DOLLARS.) MEANWHILE THE WHOLE ARRANGEMENT AND DIRECTIVES NEEDED TO PUT CLAIM OVER THIS FUND AS THE NEXT OF KIN TO THE DECEASED, WILL BE FORWARD TO YOU UPON YOUR ACCEPTANCE. INFORMATION WILL BE RELAYED TO YOU AS SOON AS YOU INDICATE YOUR INTEREST AND WILLINGNESS TO ASSIST ME AND ALSO BENEFIT YOURSELF TO THIS GREAT BUSINESS OPPORTUNITY. YOU CAN SEE THE WEBSITE BELOW COVERING THE PLANE CRASH BY CNN & BBC NEWS. hxxp://www[.]cnn[.]com/2003/WORLD/africa/12/26/benin[.]crash hxxp://news[.]bbc[.]co[.]uk/2/hi/africa/3348109[.]stm I WILL NOT FAIL TO INFORM YOU THAT THIS TRANSACTION IS 100% RISK FREE. ON SMOOTH CONCLUSION OF THIS TRANSACTION, YOU WILL BE ENTITLED TO 40% OF THE TOTAL SUM WHILE 60% WILL BE FOR ME. YOU HAVE BEEN ADVISED TO KEEP TOP SECRET AS I AM STILL IN SERVICE AND INTEND TO RETIRE FROM SERVICE AFTER I CONCLUDE THIS DEAL WITH YOU. I WILL BE MONITORING THE WHOLE SITUATION HERE IN THE BANK UNTIL YOU CONFIRM THE MONEY IN YOUR ACCOUNT AND ASK ME TO COME DOWN TO YOUR COUNTRY FOR SUBSEQUENT SHARING OF THE FUND ACCORDING TO PERCENTAGES PREVIOUSLY INDICATED AND FURTHER INVESTMENT, EITHER IN YOUR COUNTRY OR ANY OTHER COUNTRY YOU MAY ADVICE ME TO INVEST IN. ALL OTHER NECESSARY INFORMATION WILL BE SENT TO YOU WHEN I HEAR FROM YOU. I SUGGEST YOU GET BACK TO ME AS SOON AS POSSIBLE STATING YOUR WISH IN THIS DEAL. PLEASE REPLY TO MY PRIVATE E-MAIL [EMAIL] BY INDICATING YOUR BANK ------------------------------------- ACCOUNT DETALS WHERE THE FUND WILL BE TRANSFERED TO. ALSO, SEND ME YOUR PRIVATE PHONE NUMBER FOR EASY COMMUNICATION. BEST REGARD, MR. ADAMA J.K KAMBORE. _________________________________________________________________ Don't just search. Find. Check out the new MSN Search! hxxp://search[.]msn[.]click-url[.]com/go/onm00200636ave/direct/01/",phishing,email,cross_model_human,human_phishing_corpus,TRUE,FALSE,FALSE,True,bank|account|transaction,,verify_account,account_verification,True,hxxp://www[.]cnn[.]com/2003/WORLD/africa/12/26/benin[.]crash|hxxp://news[.]bbc[.]co[.]uk/2/hi/africa/3348109[.]stm|hxxp://search[.]msn[.]click-url[.]com/go/onm00200636ave/direct/01/,upstream_source=Nigerian_Fraud;package_authorship=human;all_rows_phishing,1,0.98209158,phishing,click_link,invoice_or_payment,"discover, bank",yes,brand_or_payment_mention;url_like_pattern;,,,,,,yes,strong banking/payment-account indicators,phishing
cross_model_human-ca6cc8f93e112a99,"Attention:Sir/Madam, Attention:Sir/Madam, Do accept my sincere apologies if my mail does not meet your personal Ethics. I introduce myself as Mr Greg Kenn a staff in the accounts management Section of a well-known bank here in the United Kingdom.One of our accounts with holding balance of Â£15,000,000 (Fifteen Million British Pounds) has been dormant and last operated in the past 3 years. >From my investigations and confirmations, the owner of this account is a Foreigner by name Gerald Stone died on the 4th of January 2002 on a plane crash in Birmingham here in UK.Since then nobody has done anything as regards the claiming of this money as he has no family Member who is aware of the existence of either the account nor the Funds. Information from the National Immigration also states that he was single on entry into the UK. I have confidentially discussed this issue with some of the bank officials and we have agreed to find a reliable foreign partner to deal with. We thus propose to do business with you,standing in as the next of kin of these funds from the deceased and funds released to you after due processes have been followed.This transaction is totally free of risk and troubles as the fund is Legitimate and does not originate from drug, money laundry,terrorism or any other Illegal act. On your interest, let me hear from you. Regards, Mr Greg Kenn _______________________________________________________________________________________ Aqueca o seu Inverno com o credito pronto a usar! Saber mais em hxxp://www[.]iol[.]pt/correio/rodape[.]php?dst=0701181",phishing,email,cross_model_human,human_phishing_corpus,TRUE,FALSE,FALSE,True,bank|account|transaction|balance,,unknown,unknown,True,hxxp://www[.]iol[.]pt/correio/rodape[.]php?dst=0701181,upstream_source=Nigerian_Fraud;package_authorship=human;all_rows_phishing,1,0.9192615,phishing,unknown,invoice_or_payment,bank,yes,brand_or_payment_mention;url_like_pattern;,,,,,,yes,strong banking/payment-account indicators,phishing
cross_model_human-a4db9c0fa393b45b,"=?UTF-8?Q?Wir_haben_ungew=C3=B6hnliche_Aktivit=C3=A4ten_festgestellt!?= PayPal Wir haben ungewöhnliche Aktivitäten festgestellt! Wir benötigen Ihre Hilfe bei der Sicherung Ihres Kontos, um unbefugten Zugriff zu verhindern. Zu Ihrer Sicherheit kann Ihr Konto einige Einschränkungen aufweisen, bis Sie Maßnahmen ergreifen. Wir werden Ihr Konto nach 1 Tag (24 Stunden) schließen und Sie werden dauerhaft von unserer Website gesperrt. Alles Wir benötigen Ihre Hilfe bei der Sicherung Ihres Kontos, um unbefugten Zugriff zu verhindern. Klicken Sie zu Ihrer Sicherheit auf Mein Konto sichern, um Ihre Informationen zu bestätigen. Mein Konto sichern h1 {text-align:left} p {text-align:left} img.center { display: block; margin-left: auto; margin-right: auto; } PayPal Wir haben ungewöhnliche Aktivitäten festgestellt! Wir benötigen Ihre Hilfe bei der Sicherung Ihres Kontos, um unbefugten Zugriff zu verhindern. Zu Ihrer Sicherheit kann Ihr Konto einige Einschränkungen aufweisen, bis Sie Maßnahmen ergreifen. Wir werden Ihr Konto nach 1 Tag (24 Stunden) schließen und Sie werden dauerhaft von unserer Website gesperrt. Alles Wir benötigen Ihre Hilfe bei der Sicherung Ihres Kontos, um unbefugten Zugriff zu verhindern. Klicken Sie zu Ihrer Sicherheit auf Mein Konto sichern, um Ihre Informationen zu bestätigen. Mein Konto sichern",phishing,email,cross_model_human,human_phishing_corpus,TRUE,FALSE,FALSE,True,PayPal,PayPal,unknown,unknown,False,,upstream_source=Nazario;package_authorship=human;all_rows_phishing,1,0.52111172,phishing,make_payment,unknown,paypal,no,brand_or_payment_mention;,,,,,,yes,strong banking/payment-account indicators,phishing
cross_model_human-10ef6da82c752d0c,"VERIFICATION OF YOUR PAYMENT, DR.DON MIGINIS THE DEPUTY GOVERNOR, INTERNATIONAL OPERATION DEPT. CENTRAL BANK OF NIGERIA (CBN) DEAR BENEFICIARY, VERIFICATION OF YOUR PAYMENT FILE. FROM THE RECORDS OF OUTSTANDING CONTRACTORS,YOUR FUNDS ARE DUE FOR IMMEDIATE PAYMENT WITH THE FEDERAL GOVERNMENT OF NIGERIA, YOUR NAME/PARTICULARS WAS DISCOVERED AS NEXT ON THE LIST OF THE OUTSTANDING PAYMENTS WHO HAVE NOT YET RECEIVED THEIR PAYMENTS. I WISH TO INFORM YOU THAT YOUR PAYMENT IS BEING PROCESSED AND WILL BE RELEASED TO YOU AS SOON AS YOU RESPOND TO THIS LETTER. ALSO NOTE THAT FROM THE RECORD IN OUR FILES YOUR OUTSTANDING PART PAYMENT IS US1,700,000.00 (ONE MILLION SEVEN HUNDRED THOUSAND UNITED STATES DOLLARS). KINDLY RE-CONFIRM TO ME THE FOLLOWINGS: 1) YOUR FULL NAME. 2) PHONE, FAX AND MOBILE #. 3) COMPANY NAME, POSITION AND ADDRESS. 4) PROFESSION, AGE AND MARITAL STATUS. AS SOON AS THIS INFORMATION IS RECEIVED, YOUR PAYMENT WILL BE MADE TO YOU IN A CERTIFIED BANK DRAFT OR WIRED TO YOUR NOMINATED BANK ACCOUNT DIRECTLY FROM CENTRAL BANK OF NIGERIA. YOU CAN MAIL ME ON MY DIRECT MAIL ADDRESS AS SOON AS YOU RECEIVE THIS MEMO FOR FURTHER DISCUSSION. REGARDS, DON MIGINIS DGCBN",phishing,email,cross_model_human,human_phishing_corpus,TRUE,FALSE,FALSE,True,bank|account|payment,,call_phone,contact_request,False,,upstream_source=Nigerian_Fraud;package_authorship=human;all_rows_phishing,1,0.929370984,phishing,verify_account,generic_bank_alert,"discover, bank",no,brand_or_payment_mention;,,,,,,yes,strong banking/payment-account indicators,phishing
cross_model_human-02e6a430c3c7769d,"Job Offer Dear Friend, How are you doing? I would be very interested in offering you a part-time paying job in which you could earn a lot. My name is Kenneth Scott and I am 42 years of age. I just resigned my job as a research scientist at Asia Agricultural research Institute in Malaysia and I now work as a freelance consultant for the institute which gives me very much time to do my own work which is basically being a freelance researcher who could be employed by research institutes to do research projects anywhere in the world. Currently, I have just been granted a funding to head a research project in the tropical regions of Asia regarding rare and vulnerable plant species and this would be commencing very soon. This research program will be funded and sponsored by some of my counterparts in your country. But the only set back is that my associates want to make payments for the research in form of bank transfer or Check only. WHAT I NEED YOU FOR? At this point, I will be glad if you could work with me as my representative in your country. You will be working as my payment assistant in charge of collecting the Funds from my Associates. Since they will be making the payment form of bank transfers/Check to you in your country, you will be collecting this payments and cashing them on my behalf. On agreement to been my representative, you will receive a commission of 10% of whatever amount of payment you receive from my associates. JOB DESCRIPTION? 1. Receive payments from My Clients/Associates through bank transfers or check. 2. Cash the Payments at your Bank. 3. Deduct 10% which will be your commission/percentage on Payment processed. 4. You are to remit the balance via Money Gram or Western ADVANTAGES? You don't have to go out of your present daily activity in order to engage in this Job(i.e. you can do this Work easily without leaving or affecting your present Job).You will work as an independent contractor right from your home /office. Your job is absolutely legal. You do not need any capital to start (non of your personal funds is needed). To indicate your interest in this pending project, i will like you to provide all this information before we can commence on this pending projects. NAME ADDRESS STATE CITY ZIP CODE PHONE NUMBER: AGE GENDER OCCUPATION ALL REPLIES TO BE SENT TO : [EMAIL] Regards, Dr. Kenneth Scott",phishing,email,cross_model_human,human_phishing_corpus,TRUE,FALSE,FALSE,True,bank|payment|transfer|balance|code,,call_phone,contact_request,False,,upstream_source=Nigerian_Fraud;package_authorship=human;all_rows_phishing,1,0.866630521,phishing,call_number,invoice_or_payment,bank,no,brand_or_payment_mention;,,,,,,yes,strong banking/payment-account indicators,phishing
cross_model_human-5b0cdeed30174fce,"From:Mr.Kenneth Mashaba Email:[EMAIL] Tel:[PHONE] Fax:[PHONE] Attn:Sir/Madam, I feel quite safe dealing with you in this important business. I choose to reach you through this medium because it still remains the fastest medium of communication. However, this correspondence is unofficial and private, and it should be treated as such. At first I will like to assure you that this transaction is 100% risk and trouble free to both parties. My name is Mr.Kenneth Mashaba , the chief Financial officer of one of the commercial bank in Johannesburg South Africa. There is an account that has not been operational for the past Fifteen years as the owner died leaving nobody as the next of kin. My bank shall confiscate the amount in the account US$12Million (Twelve Million United States Dollars) by the end of next month if we are not able to track anyone that knows the beneficiary. I want to present you as the next of kin to the former holder of the account to enable our bank legitimately transfer the sum to your overseas account. If you are interested please get back to me together with your personal details through my private email above and I will furnish you with the details that you need to know and the procedure about this transaction.Please get back to me immediately on this so that we act fast and get the money transferred into your overseas account without any delay. Finaly, if you know that you are not willing and capable to handle this transaction please do not reply, but if you know that you are willing and capable to handle this transaction go ahead and send me your personal information to enable us proceed. I await your urgent Response. Sincerely, Mr.Kenneth Mashaba",phishing,email,cross_model_human,human_phishing_corpus,TRUE,FALSE,FALSE,True,bank|account|transaction|transfer,,transfer_money,financial_transfer,False,,upstream_source=Nigerian_Fraud;package_authorship=human;all_rows_phishing,1,0.925724533,phishing,call_number,payment_failed,bank,no,brand_or_payment_mention;,,,,,,yes,strong banking/payment-account indicators,phishing
cross_model_human-f9695403cae3255e,"unaware from Togo ATTENTION:PLEASE, I am sorry at the perceived confussion you may have by receieving this letter from me since we have not previously met.To be precise I AM Chief Security Officer to Mr,GNASSINGBE EYADEMA, the formerTOGOLAISE president of TOGOLAISE and also the former ECOWAS' Chaiman, I am a citizen of Togolaise and my name is Mr. Jones.Kajeta, I was in charge of ammunition in our country. There was money maped out by the Togolaise President of Mr Eyadma Gnassingb to buy ammunition Enquipments unfortunately and very surpirsed that after few days the presidnet death and the money was not used again. This money is in my possesion right now. The sum of $14.300) fourten million three thousand usa dollars) which was meant for purchase of ammunition but was not used for that purpose as a result of unpredictable death of Mr, GNASSINGBE EYADEMA during his government in our country Togo. I am explaining the source of this money to you so that you will understand the source of the $ 14.300) Million which I deem that it will be good for me and you to invest this money in your country on profitable business in your country. That is why I am soliciting for a reliable and trustworthy foreigner like you to help me accomodate this money in your account. This money was deposited in a security company in ABIDJAN capital city of COTE D' IVOIRE by my instruction through diplomatic means. The document that is backing the deposit of US$ 26.700) million are currently with me as the chief security officer to Mr Eyadma Gnassingb At this junction I can not disclose the security's company 's name to you until you accept my proposal for security reasons. (1) What I need from you is to help me claim this money (usa 14.300) MILLION) from the security company as my foreign partner. (2)You are entittled to 20% of the 14.300 )Milllion as your share for your assistance. (3) 5% will be map out for miscelleneous expenses during the transaction. (4)And 75%will be for me Mr.Jones.KajetaI have all necessary legal documents from the security company where I lodged this money to back-up your claim for this money. All I require is your Honesty and cooperation to enable this deal succeed. I guarantee that this will be executed under a legitimate Arrangement that will protect you from any breach of the Law. Please get in touch with my email [EMAIL] and send to me your Telephone and fax numbers to enable us further this Transaction. Iam sending with this message an attachment documents of the money before the deposition with the security company. Your's Truely, Mr. Jones Kajeta. N.B:LOME, capital of TOGOLAISE. --------------------------------- Find your next car at Yahoo! Canada Autos",phishing,email,cross_model_human,human_phishing_corpus,TRUE,FALSE,FALSE,True,account|transaction|deposit|security,,unknown,unknown,False,,upstream_source=Nigerian_Fraud;package_authorship=human;all_rows_phishing,1,0.954850152,phishing,call_number,security_update,"chase, citi",no,brand_or_payment_mention;,,,,,,yes,strong banking/payment-account indicators,phishing
cross_model_human-50e75c7450660737,"Partnership Proposal!!! >From Mr. A. B. Solarino Treat With Utmost Confidentiality Dear Friend, I apologized using this medium to reach you for a deal like this, since you do not know me before. This is due to Confidentiality. I got your contact details from your company website on the internet. After going through you company information I decided to contact you believing that we can both work in hands to achieve this goal. As stated above, I am Mr. Alexandro Benjamino Solarino the Chief auditor Department of Mineral Resources FALKLAND ISLAND SOUTH ATLANTIC. I will be grateful to have you as my foreign partner to enable us carry out a deal of Eight million two hundred thousand Great Britain Pounds (£8,200,000.00). I know you will be very astonished on how I got this money and why I choose you to carry out this deal with you or how we will be able to carry out this deal as it involve a lot of money. Well since I need a partner outside my country and outside the UK that will receive the transfer of these funds from here, I have to look for someone abroad for security reasons. Since I do not have any body overseas then I decided to search on the internet and since you are the first person I am contacting in this regards I sincerely hope that you will not turn me down. I have already made all arrangement to successfully execute this deal without any problem on your side and mine. Also the transfer of the funds will be made through Telegraphic Bank to bank transfer so you have nothing to worry about as all documentation will be made legal. All I need from you is your total support, trust, honesty and confidentiality. Once the transfer of the funds is successfully made to your account abroad after your government has taken their taxes from the total amount, 40% of the remaining amount will be for you while 60% will be for me. I will give you more breakdown as soon as soon as I hear from you. Feel free to reach me on [PHONE]. Yours Faithfully, Mr. A B Solarino",phishing,email,cross_model_human,human_phishing_corpus,TRUE,FALSE,FALSE,True,bank|account|transfer|security,,transfer_money,financial_transfer,False,,upstream_source=Nigerian_Fraud;package_authorship=human;all_rows_phishing,1,0.862975511,phishing,call_number,payment_failed,bank,no,brand_or_payment_mention;,,,,,,yes,strong banking/payment-account indicators,phishing
cross_model_human-5bc732846d1091e7,"GOOD DAY Greeting, Sir, I am contacting you believing you are a honest and trustworthy person.I believe you will not betray the confidence I am willing to repose in you, for me to have contacted you even though we've not met before. My name is Hassan diouf,the only son of late Mr.Mohammed Diouf who was the chairman /President/CEO,Cacao-Cafe & Agro-Alimentary industries plc.SCAFECAO)""Bouake"" and ex-owner of Polyclinic LA-MADONNE, of the Republic of Cote d'Ivoire. You can find the story on this website:hxxp://news[.]bbc[.]co[.]uk/2/hi/africa/2269238[.]stm On 19th of September 2002,a group of so called rebels took over the city of Bouake to over-throw the Government of Mr.Laurent Gbagbo the President of Cote d'Ivoire. On the 20th day morning at about 4:18am some fractions of the same group of rebels break into our house and killed our security guard and pass-through the gate entrance to the main building and took my father away to an un-known destination. After about four hours later we found him (my father) at the road side, by then he had been totally beaten and was bleeding to death lying in the pool of his own blood. From there, we rushed him to a near by hospital and hours later he sent for my mother. So he told her that he can not make it from the doctors diagnosis, he also told her that it was because he (my father) was not from the northern part of the country that he has been treated this way and also being a political activist. And again he said he is suspecting some of his business partners for conspiracy and this sort of brutality. He also told my mother that he deposited a huge amount of money i.e US$ 10.5million dollars(Ten million five hundred thousand us dollars only) into a Bank in the Capital city of Dakar Senegal he also told my mother where he kept the whole documents concerning this deposit that is made for investment purpose in the western world. That same day, he (my father) gave up the ghost. Then with the help of the French soldiers, we escaped to Senegal, where we are now. I am now contacting you believing you are honest and trustworthy to help us to receive the money in your account for investment, I and my mother has decided in compensating you 30%of the total amount for your assistance . Please do take your time to go through the mail and get back to us, so that I will simply introduce you to the Bank where the fund are being kept now for onward transfer. So you can contact me through my alternate email adress for security reason. Email [EMAIL] am waiting for your response. Thanks and God bless. Hassan Diouf . For the Family's",phishing,email,cross_model_human,human_phishing_corpus,TRUE,FALSE,FALSE,True,bank|account|transfer|deposit|security,,unknown,unknown,True,hxxp://news[.]bbc[.]co[.]uk/2/hi/africa/2269238[.]stm,upstream_source=Nigerian_Fraud;package_authorship=human;all_rows_phishing,1,0.908221692,phishing,call_number,security_update,bank,yes,brand_or_payment_mention;url_like_pattern;,,,,,,yes,strong banking/payment-account indicators,phishing
cross_model_human-cf25cb744e25376f,"Mr.Raymond West Dear Friend, I discovered a dormant account in my office,as the auditor of my bank. It will be in my interest to transfer this fund worth Twenty Million dollars Sterling {U. S.$20,000,000.00). in an account offshore. If you can be a collaborator/partner to this please indicate interest immediately for us to proceed. Remember this is absolutely confidential, as I am seeking your assistance as the beneficiary of this unclaimed funds. since we are not allowed to operate a foreign account,Your contact phone numbers and name will be necessary for this effect, I have reposed my confidence in you and hope that you will not disappoint me. I Look forward to your earliest reply through my private email at: [EMAIL] MY Regards, Mr.Raymond West Auditor.",phishing,email,cross_model_human,human_phishing_corpus,TRUE,FALSE,FALSE,True,bank|account|transfer,,call_phone,contact_request,False,,upstream_source=Nigerian_Fraud;package_authorship=human;all_rows_phishing,1,0.919372502,phishing,call_number,invoice_or_payment,"discover, bank",no,brand_or_payment_mention;,,,,,,yes,strong banking/payment-account indicators,phishing
cross_model_human-1e12c1bc96afd525,"Government Foreclosures from $10,000 You registered to receive this and similar offers from on . GET THE BEST DEAL ON A NEW HOME We have great deals on forec l o s e d homes. You could find a beautiful home that has been seized by the Government, repossessed by a bank or put up for auction. All at HUGE SAVINGS, up to 50%. You can find homes priced priced as low as $10,000. Search your area today! hxxp://ekwtuabbsp[.]networkmortgagegroup[.]com/t/l?h4-qiw-1-ko9-678d Sincerely, Chris Jenkins [EMAIL] To unsubscribe, click: hxxp://ekwtuabbsp[.]networkmortgagegroup[.]com/t/l?h4-qiw-2-jk3-678d Copyright HUDforeclosed 5706 Corsa Avenue, Westlake Village, CA 91362 678d If you no longer wish to receive these commercial emails, you may remove yourself from our mailing list by clicking here hxxp://ekwtuabbsp[.]networkmortgagegroup[.]com/remove?r[.]Devine[.]12-9113ad3-1eb4[.]speedy[.]uwaterloo[.]ca[.]-producttestpanel?r click here or by calling our unsubscribe hotline at [PHONE]. Please note this phone number is used solely for unsubscribe requests. Please allow up to five business days for your request to be processed. You may also contact us by writing to us at our postal address: Montague| 9600 Great Hills Trail, Suite 150 W| Austin, TX [PHONE] x262 3830 Forest Drive, Suite 207 Columbia , SC 29204 USA",phishing,email,cross_model_human,human_phishing_corpus,TRUE,FALSE,FALSE,True,bank,,call_phone,contact_request,True,hxxp://ekwtuabbsp[.]networkmortgagegroup[.]com/t/l?h4-qiw-1-ko9-678d|hxxp://ekwtuabbsp[.]networkmortgagegroup[.]com/t/l?h4-qiw-2-jk3-678d|hxxp://ekwtuabbsp[.]networkmortgagegroup[.]com/remove?r[.]Devine[.]12-9113ad3-1eb4[.]speedy[.]uwaterloo[.]ca[.]-producttestpanel?r,upstream_source=TREC-07;package_authorship=human;all_rows_phishing,1,0.884969171,phishing,click_link,generic_bank_alert,bank,yes,brand_or_payment_mention;url_like_pattern;,,,,,,yes,strong banking/payment-account indicators,phishing
cross_model_human-aba391f930e7ab9f,"BUSINESS RELATIONSHIP Dr Martins Awele Fax: [PHONE] Lagos-Nigeria Dear Sir/Madam I am Dr Martins Awele Chairman of the Tender Committee of the Nigerian National Petroleum Corporation (NNPC). My Committee is principally concerned with payment of all contract awarded from 1999 to date, in order of priority as regard capital projects of the NNPC. The information we gathered from the Foreign Office of the Nigeria Chambers of Commerce and Industries is so positive as to convince us that you would provide us with solution to a money transfer deal valued at Thirty One Million United States Dollars and subsequently a joint business venture. In the course of our duties as values, and project inspectors for the on-going liquefied Natural Gas (LNG) project, we have over-invoiced the value of somejobs done by foreign contractors for the NNPC to the tune of US$31M. As follows: - Computer optimization and Installation $16,[PHONE] Installation of 250,000.00 Monax Turbine$10,[PHONE] Turn Around Maintenance $5,000,000.00 Our aim of over-invoicing this payment is to divert the excess amount to a discrete account abroad. This fund is now floating in suspense account at the Central Bank of Nigeria (CBN). This is the fund my colleagues and I have decided to transfer into your account since we, as civil servants are not allowed to operate or own foreign account. The money will be shared as follows after transfer:30% for you (Account Owner) 60% for me and my colleagues 10% to off-set both local and international expenses thatWould be incurred in the course of this transaction. To be able to claim the funds, we will be purporting your company to be the original contractor / beneficiary of the funds so all procedures for international transfer shall be strictly followed,as we have worked out all modalities for a swift and riskfree transfer. If this proposal satisfies you, please contact me via E-mail OR fax number [PHONE] with the following important information. Bank Name / Address Account Name Account Number and your Personal Phone / Fax Numbers for easy communication. This transaction will last for 14 working days from the time we submit the required information, as all modalities concerning this transaction have been worked out and it is completely risk free. Please be informed that this subject is classified sensitive. Therefore treat the transaction with utmost confidentiality and urgency. Yours Faithfully, Dr Martins Awele __________________________________________________ Broadband from an unbeatable 15.99! hxxp://www[.]tiscali[.]co[.]uk/products/broadband/home[.]html?code=SM-NL-11AM",phishing,email,cross_model_human,human_phishing_corpus,TRUE,FALSE,FALSE,True,bank|account|payment|transaction|transfer|code,,transfer_money,financial_transfer,True,hxxp://www[.]tiscali[.]co[.]uk/products/broadband/home[.]html?code=SM-NL-11AM,upstream_source=Nigerian_Fraud;package_authorship=human;all_rows_phishing,1,0.974469047,phishing,call_number,invoice_or_payment,bank,yes,brand_or_payment_mention;url_like_pattern;,,,,,,yes,strong banking/payment-account indicators,phishing
cross_model_human-2693c20a5a6033b3,"This Message is for your Financial Prosperity FROM; MRS. ERRY HERYATI TELEFAX N�: [PHONE] EMAIL: [EMAIL] UNITED KINGDOM. I have access to an amount in excess of US$6.5 M, which I seek your partnership in accommodating for me. You will be rewarded with 30% of the total sum for your partnership. Can you be my partner on this? I am Mrs. ERRY HERYATI (an Indonesian by birth), I am the personal secretary to Mr. Alexei Pichugin who was the former security Chief of YUKOS OIL company of Russia (Russian Most Largest Oil Company), but unfortunately he was charged on fake charges and has just been sentenced to 20 years imprisonment for murder he did not commit and is still facing new charges in Russia. Until recently I was living in Moscow, but had to relocate and go into exile in London where I am currently recovering from the injuries inflicted on me during the raiding of our offices in Moscow and Samara, Penza, Voronezh, Orel, Bryansk, Tambov, Lipetsk, and Ulyanovsk Regions of Central Russia. Since the Russian government's attacks started on our company - Yukos Oil Co., my life has been thrown into severe mystery, I lost all I had, and today, I am in a secret private home recovering from very fatal injuries and I have lost my ability to talk and to hear clearly based on the severe torture I underwent in the hands of agents of state. The document of the above funds in question was handed over to me by Mr. Alexei Pichugin to be used in payment for his last oil deal with Yukos Oil Co. Already the funds have been deposited with a prime Bank where the final crediting is expected to be carried out. While I was on this process, my boss, Mr. Alexei Pichugin got arrested for his involvement in politics which poses treat to President Vladimir Putin second tenure as Russian president. All I need from you is to stand as the beneficiary of the above quoted sum and I will present to you the documentation which will enable this prime Bank transfer the sum to you. I have decided to use my share of this funds to invest and relocate to your country so we need to conclude in the shortest possible time. You can only reach me through this dedicated fax number in South London where I am hiding in exile as all phones calls to the residence where I am are bugged and been monitored, the fax number is: [PHONE] or email address- [EMAIL], I will not be able to speak with you on phone for now as I found it difficult to speak, but you can always drop a voice message on this number and I will get back to you either by fax or email. As soon as I get your willingness to cooperate with me I shall give you more details. Thank you very much and God bless you. MRS. ERRY HERYATI",phishing,email,cross_model_human,human_phishing_corpus,TRUE,FALSE,FALSE,True,bank|payment|transfer|security,,call_phone,contact_request,False,,upstream_source=Nigerian_Fraud;package_authorship=human;all_rows_phishing,1,0.911109041,phishing,call_number,security_update,bank,no,brand_or_payment_mention;,,,,,,yes,strong banking/payment-account indicators,phishing
cross_model_human-6eb18ee30453c8c4,"Payment Schedule wellsfargo.com Payment scheduled. This is to inform you that a payment was scheduled from your account. Here are the details. Account Number: XXXXXX6146 Transaction Date: 12/24/2018 Amount: $510.73 ABOUT THIS ALERT: You have made a payment from your account to the above account. If you think this was an error, cancel payment now and review your account information. wellsfargo.com | Fraud Information Center Please do not reply to this automated email. Sign on to send a secure email. [PHONE]-f110-4b70-9054-8798fc4a1723 wellsfargo.com Payment scheduled. This is to inform you that a payment was scheduled from your account. Here are the details.Account Number: XXXXXX6146 Transaction Date: 12/24/2018Amount: $510.73 ABOUT THIS ALERT: You have made a payment from your account to the above account. If you think this was an error,cancel payment now and review your account information. wellsfargo.com | Fraud Information Center Please do not reply to this automated email. Sign on to send a secure email. [PHONE]-f110-4b70-9054-8798fc4a1723",phishing,email,cross_model_human,human_phishing_corpus,TRUE,FALSE,FALSE,True,account|payment|transaction|fraud,,reply,contact_request,False,,upstream_source=Nazario;package_authorship=human;all_rows_phishing,1,0.913779813,phishing,call_number,suspicious_activity,,yes,url_like_pattern;,,,,,,yes,strong banking/payment-account indicators,phishing
cross_model_human-196b68ab746af8e0,"Urgent Greeting, Urgent Greeting, BARRISTER DONATUS OKOBI Email:[EMAIL] PLEASE REPLY ME ON MY ALLTERNATIVE EMAIL:[EMAIL] Reply To: [EMAIL] Attn: Dear Friend, I am BARRISTER Donatus Okobi, personal Attorney to the late MICHAEL OTTO SULLIVAN.of Philadelphia, A national of your country, My late client was involved in an {AIR CRASH} that occurred on Jan Thursday 9th 2003 With an air craft {US Airways Express Flight 5481 } which crashed Wednesday at Charlotte/Douglas International Airport, killing all 21 aboard passengers were involved as you can confirm from the website below;{hxxp://www[.]thestate[.]com/mld/state/4904572[.]htm } I got your contact through the help of my sister-in-law that works with the American Chambers of Commerce and Tourism, due I did not disclose to her my humble intention for an honest foreigner like you, Having noted the confidence reposed on your person by the sponsor of the recommendation, My late client was as well a one time secret Agent in transferring of money overseas for the late head of state of Nigeria {GENERALSANI ABACHA }. Before his death On Jan Thursday 9th 2003, My client Deposited the total sum of US$20,000,000.00 { TWENTY MILLION UNITED STATES DOLLARS } In {IMPERIAL BANKING CORPRATION} hoping of transferring the fund to his country as soon as he comes back from conference. Union Bank Nigeria Plc ACCOUNT NUMBER: [PHONE]/784768 ROUTING NUMBER: [PHONE] CODE: UBN/LILLACWONG/99/05 BENEFICIARY'S NAME: MR.MICHAEL OTTO SULLIVAN AMOUNT: $20 MILLION UNITED STATES DOLLARS = After these several unsuccessful attempts, I decided to trace his name over the Internet, to locate any member of his family. I have contacted you to assist in repatriating the money and properties left behind by my client before he get confiscated or declared unserviceable by the Bank where this huge deposit were lodged. Particularly, the {U.B.N} Where the decease had an account valued at about US$20m, Has issued me a notice to provide the {NEXT OF KIN} or have the account confiscated within the next 10 official working days. Since I have been unsuccessful in locating the relatives, I seek your consent to present you as the {NEXT OF KIN} of the decease since you are a foreigner to suite the purpose of the transaction. We have agree to share the money as follows,. 60% to me and 30% to you, While 10% has been set aside for any incidental expenses that may come up during this transaction by both parties, including the phone bills, etc. Please, get in touch with me by my private email address to enable us to claim the fund immediately {[EMAIL]} I hope to hear from you soon. More importantly, you are strictly advice to send your reply to my Private and personal email address bellow for security and confidential reason [EMAIL] Thanks and God bless BARRISTER DONATUS OKOBI PLEASE REPLY ME ON MY ALLTERNATIVE EMAIL:[EMAIL]",phishing,email,cross_model_human,human_phishing_corpus,TRUE,FALSE,FALSE,True,bank|account|transaction|deposit|security|code,,call_phone,contact_request,True,hxxp://www[.]thestate[.]com/mld/state/4904572[.]htm,upstream_source=Nigerian_Fraud;package_authorship=human;all_rows_phishing,1,0.984003977,phishing,call_number,security_update,"boa, bank",yes,brand_or_payment_mention;url_like_pattern;,,,,,,yes,strong banking/payment-account indicators,phishing
cross_model_human-1c70880a44170bbf,"Account Security Message Dear Member, We suspect your card information is in the hands of a third party because an attempt to carry out multiple purchases has been declined. Please kindly login your account and update your security information to protect your card account from any further infomation leak and fraudulent activities. IMPORTANT INFORMATION ABOUT View in Browser Dear Member, We suspect your card information is in the hands of a third party because an attempt to carry out multiple purchases has been declined. Please kindly login your account and update your security information to protect your card account from any further infomation leak and fraudulent activities. LOGIN HERE For your security you will prompted to answer your security questions you used to register with us to better confirm your account ownership. Thank you for choosing Navy Federal Credit Union, we look forward to serving you more.. Thank you, NavyFederal Online Team. Equal Housing Lender | APY= Annual Percentage Yield | APR= Annual Percentage Rate. © 2019 Navy Federal Credit Union. All rights reserved. Message and data rates may apply. Terms and Conditions are available. NFCU 31226-F (7-16) IMPORTANT INFORMATION ABOUT ONLINE SECURITY.",phishing,email,cross_model_human,human_phishing_corpus,TRUE,FALSE,FALSE,True,account|card|credit|security|login,,verify_account,account_verification,False,,upstream_source=Nazario;package_authorship=human;all_rows_phishing,1,0.895490061,phishing,verify_account,suspicious_activity,"chase, credit union",no,brand_or_payment_mention;,,,,,,yes,strong banking/payment-account indicators,phishing
cross_model_human-3be7e30273543fed,"Save on your drugs with us RIGHT NOW! of God, which is in Christ Jesus our Lord', who of God is Without referring you to the context, I shall from the words,torments, and so must have continued for ever, had we shut Had any of us purchased a slave at a most expensive rate, and altogether Christians.God's dear Son! To put off the old man, which is corrupt, and so holy, yet we cannot, on account of that, hope for dwell in him, and he in them; they are led by the Spirit, and wrought within them. Whatever they may pretend to, since wrought in us: to this, and not to the light within, or any thing Rodney Plummer",phishing,email,cross_model_human,human_phishing_corpus,TRUE,FALSE,FALSE,True,account,,unknown,unknown,False,,upstream_source=TREC-07;package_authorship=human;all_rows_phishing,1,0.74172715,phishing,unknown,generic_bank_alert,chase,no,brand_or_payment_mention;,,,,,,yes,strong banking/payment-account indicators,phishing
cross_model_human-ec9c76c64f77bcc2,"URGENT/CONFIDENTIAL . From Frank Koff. ABIDJAN COTE D' IVOIRE. [EMAIL] DEAREST ONE , PERMIT ME TO INFORM YOU OF MY DESIRE OF GOING INTO BUSINESS RELATIONSHIP WITH YOU. I GOT YOUR NAME AND CONTACT FROM THE IVOIRIAN CHAMBER OF COMMERCE AND INDUSTRY. I PRAYED OVER IT AND SELECTED YOUR NAME AMOUNG OTHER NAMES DUE TO IT'S ESTEEMING NATURE AND THE RECOMMENDATIONS GIVEN TO ME AS A REPUTABLE AND TRUSWORTHY PERSON I CAN DO BUSINESS WITH AND BY THEIR RECOMMENDATIONS I MUST NOT HESISTATE TO CONFIDE IN YOU FOR THIS URGENT BUSINESS. I AM Frank Koff., THE ONLY CHILD OF LATE MR AND MRS.PATRICK KOFF, MY FATHER WAS A VERY WEALTHY COCOA MERCHANT BASED IN ABIDJAN, THE ECONOMIC CAPITAL OF IVORY COAST BEFORE HE WAS POISONED TO DEATH BY HIS BUSINESS ASSOCIATES ON ONE OF THEIR OUTING TO DISCUSS A BUSINESS.WHEN MY MOTHER DIED ON THE 21ST OCTOBER 1984, MY FATHER TOOK ME SO SPECIAL BECAUSE I AM MOTHERLESS, BEFORE THE DEATH OF MY FATHER ON 29TH JUNE 2000 IN A PRIVATE HOSPITAL HERE IN ABIDJAN. HE SECRETLY CALLED ME ON HIS BEDSIDE AND TOLD ME THAT HE HAS A SUM OF US$11.500,000 (ELEVEN MILLION FIVE HUNDRED THOUSAND UNITED STATES DOLLARS) LEFT IN A SUSPENCE ACCOUNT IN A LOCAL BANK HERE IN ABIDJAN, THAT HE USED MY NAME AS HIS ONLY SON FOR THE NEXT OF KIN IN DEPOSIT OF THE FUND. HE ALSO EXPLAINED TO ME THAT IT WAS BECAUSE OF THIS WEALTH THAT HE WAS POISONED BY HIS BUSINESS ASSOCIATES. THAT I SHOULD SEEK FOR A FOREIGN PARTNER IN A COUNTRY OF MY CHOICE WHERE I WILL TRANSFER THIS MONEY AND USE IT FOR INVESTMENT PURPOSE WITH REST OF OUR FAMILY, (SUCH AS REAL ESTATE MANAGEMENT). DEAR, I AM HONOURABLY SEEKING YOUR ASSISTANCE IN THE FOLLOWING WAYS. (1. TO PROVIDE A BANK ACCOUNT WHERE THIS MONEY WOULD BE TRANSFERRED TO (.2)TO SERVE AS THE GUARDIAN OF THIS FUND BECAUSE OF MY LOW EXPERIENCE IN THE BUSINESS WORLD AND IN OTHER NOT TO LOSE THIS MONEY? COUPLED WITH MY AGE. I AM 24 YEARS OLD (.3)TO MAKE ARRANGEMENT FOR ME TO COME OVER TO YOUR COUNTRY AFTER THE MONEY HAS BEEN TRANSFERRED. HOWEVER, DEAR, I HAVE ACCEPTED TO OFFER YOU 10% OF THE TOTAL SUM AS COMPENSATION FOR YOUR EFFORT/INPUT AFTER THE SUCCESSFUL TRANSFER OF THIS MONEY TO YOUR ACCOUNT OVERSEAS. FURTHERMORE, YOU CAN INDICATE YOUR OPTION TOWARDS ASSISTING ME AS I BELIEVE THAT THIS TRANSACTION WOULD BE CONCLUDED WITHIN SEVEN (7) DAYS YOU SIGNIFY YOUR INTEREST TO ASSIST ME. ANTICAIPTING TO HEAR FROM YOU SOON. THANKS AND GOD BLESS FRANK KOFFI --------------------------------- Don't miss important emails - get alerted on your phone when new Yahoo! Mail arrives.",phishing,email,cross_model_human,human_phishing_corpus,TRUE,FALSE,FALSE,True,bank|account|transaction|transfer|deposit,,transfer_money,financial_transfer,False,,upstream_source=Nigerian_Fraud;package_authorship=human;all_rows_phishing,1,0.960060086,phishing,call_number,security_update,bank,no,brand_or_payment_mention;,,,,,,yes,strong banking/payment-account indicators,phishing
cross_model_human-51ded6345e9a9e8a,"THANKS Dear Friend, I am Mrs Catherine Schole, Auditing Assistant in a Bank here in londonwith branches all over europe. I have urgent and very confidentialbusiness proposition for you. In my department, I discovered an abandoned sum of $6.2 million usdollars (six million two hundred thousand united state dollars) in anaccount that belongs to one of our foreign customers an Americanwho unfortunately lost his life in the plane crash of Alaska AirlinesFlight 261 which crashed on January 31 2000, including his wife andonly daughter.Visiting site at: hxxp://www[.]cnn[.]com/2000/US/02/01/alaska[.]airlines[.]list/ Unfortunately I learnt that his supposed next of kin being his only Daughter died along with him in the plane crash leaving nobody with the Knowledge of this fund behind for the claim. This sum of US$6,200,000.00 is still sitting in our branch bankand the interest is being rolled over with the principal sum at the end of each year. According to Laws of the bank, at the expiration of 5 (five)years, the money will revert to the ownership of the Governmentif nobody applies to claim the fund. Consequently, i will like you as a foreigner to stand in as the next of kin . I need your full name and address for the attorney to prepare the necessary documents and affidavits that will put you in place as the next of kin. The money will be paid into your account for us to share in the ratio of 70% for me and 30% for you. Awaiting your urgent reply via my personal email: [EMAIL] Phone number [PHONE] Thanks and regards, Mrs Catherine Schole. Thanks! Visit MSN Holiday Challenge for your chance to win up to $50,000 in Holiday cash from MSN today!",phishing,email,cross_model_human,human_phishing_corpus,TRUE,FALSE,FALSE,True,bank|account,,call_phone,contact_request,True,hxxp://www[.]cnn[.]com/2000/US/02/01/alaska[.]airlines[.]list/,upstream_source=Nigerian_Fraud;package_authorship=human;all_rows_phishing,1,0.939651916,phishing,click_link,generic_bank_alert,"discover, bank",yes,brand_or_payment_mention;url_like_pattern;,,,,,,yes,strong banking/payment-account indicators,phishing
cross_model_human-a8f87b65d78c930d,"[EMAIL] PayPal Secure Dear Client, It looks like someone else may have access to your account. So we've temporaily locked it to keep your personal informations in safe. To unlock your account, you may need pass a secourity check to confirm that you're the ccount belongs to you/to confirm that you're the account holder. Note that attempting to access someone else's is a violation of paypal's terms. it may also be illegal. You can restore your account by clicking on the link below : Click Here | Help | Contact | Fees | Security | Apps | Shop | Ebay | Secure If you need help or have any questions, call us at [PHONE], 7:00 WIB to 21:00 WIB from Monday to Friday, 8:00 WIB to 17:00 WIB from Saturday to Sunday",phishing,email,cross_model_human,human_phishing_corpus,TRUE,FALSE,FALSE,True,account|security|locked|PayPal,PayPal,verify_account,account_verification,False,,upstream_source=Nazario;package_authorship=human;all_rows_phishing,1,0.804804269,phishing,click_link,account_locked,paypal,no,brand_or_payment_mention;,,,,,,yes,strong banking/payment-account indicators,phishing
cross_model_human-2be88f7463d355a7,"Your Prepaid Visa This Card is issued by Four Oaks Bank & Trust Keep your Money safe - No more need for Money Orders or walking around with cash in your Pocket. Keep your Money safe - No more need for Money Orders or walking around with cash in your Pocket. Keep your Money safe - No more need for Money Orders or walking around with cash in your Pocket. Keep your Money safe - No more need for Money Orders or walking around with cash in your Pocket. Keep your Money safe - No more need for Money Orders or walking around with cash in your Pocket. Keep your Money safe - No more need for Money Orders or walking around with cash in your Pocket. Keep your Money safe - No more need for Money Orders or walking around with cash in your Pocket. Keep your Money safe - No more need for Money Orders or walking around with cash in your Pocket. Keep your Money safe - No more need for Money Orders or walking around with cash in your Pocket. Keep your Money safe - No more need for Money Orders or walking around with cash in your Pocket. Keep your Money safe - No more need for Money Orders or walking around with cash in your Pocket. Keep your Money safe - No more need for Money Orders or walking around with cash in your Pocket. Keep your Money safe - No more need for Money Orders or walking around with cash in your Pocket. Keep your Money safe - No more need for Money Orders or walking around with cash in your Pocket. Keep your Money safe - No more need for Money Orders or walking around with cash in your Pocket. Keep your Money safe - No more need for Money Orders or walking around with cash in your Pocket. Keep your Money safe - No more need for Money Orders or walking around with cash in your Pocket. Keep your Money safe - No more need for Money Orders or walking around with cash in your Pocket. ______________________________________________________ To stop receiving emails, click here",phishing,email,cross_model_human,human_phishing_corpus,TRUE,FALSE,FALSE,True,bank|card,,unknown,unknown,False,,upstream_source=TREC-07;package_authorship=human;all_rows_phishing,1,0.669974106,phishing,click_link,generic_bank_alert,bank,no,brand_or_payment_mention;,,,,,,yes,strong banking/payment-account indicators,phishing
cross_model_human-452df9fa3ed8a5a0,"assistance ATTN: PRESIDENT/CEO. DEAR SIR/MADAM, I am Mr. GABRIEL MEDEI, Bank Manager {Hillbrow Branch} of Amalgamated Bank Of South Africa {ABSA}. I got your email contact, in my search for a trusted partner, who will assist me with this confidential business proposal. Mr. Stev Jam made a numbered times (Fixed) deposited for twelve calendar months, valued at US$25,000.00 (twethy- five Million US Dollars) in my branch. Upon maturity, I sent a routine notification to his forwarding address but got no reply. After a month, we sent a reminder and finally we discovered from his contract employers, National Mining Corporation that Mr. Stev Jam died from an auto accident. On further investigation, I found out that he did not leave a WILL and all attempts to trace his next of kin were fruitless. I therefore made further investigation and discovered that Mr. Stev Jam did not declare any next of kin in all his official documents, including his Bank Deposit paperwork. This sum of US$25 M is still sitting in the Bank and the interest is being rolled over with the principal sum at every end of each year. No one has come forward to claim it. According to the South African Law, at the expiration of 6{Six} years, the money will devert to the ownership of the South African Government ,if nobody applies to claim the funds. Consequently, my proposal is that I will like you as a foreigner to stand in as the next of kin to Mr. Stev Jam so that the fruits of this old man's labor will not get into the hands of some corrupt government officials. ; This is simple ( 1) I shall employ the services of an attorney for drafting and obtaining the necessary documents and letter of probate/administration in your favor for the transfer. (2) A bank account in any part of the world, which you provide, will then facilitate the transfer of this money to you as the beneficiary/next of kin of Mr. Stev Jam. The money will be paid into your account for us to share in the ratio of 60% for me and 35%[US$8,750,000:00 DOLLARS] for you then 5% will be set aside for any expenses that may occur during the transfer process. There is no risk at all as the attorney and my position will do all the paperwork for this transaction as the Branch Manager guarantees the successful execution of this transaction. If you are interested, please reply immediately via my email address. Upon your response shall then provide you with more details for the successful accomplishment of this transaction. Please observe utmost confidentiality, and be rest assured that this transaction would be most profitable for both of us because I shall require your assistance to invest my share in your country. Awaiting your urgent reply Thanks and regards Mr. GABRIEL MEDEI",phishing,email,cross_model_human,human_phishing_corpus,TRUE,FALSE,FALSE,True,bank|account|transaction|transfer|deposit,,transfer_money,financial_transfer,False,,upstream_source=Nigerian_Fraud;package_authorship=human;all_rows_phishing,1,0.942160701,phishing,reply_with_code,invoice_or_payment,"discover, bank",no,brand_or_payment_mention;,,,,,,yes,strong banking/payment-account indicators,phishing
cross_model_human-b19ba47ebf9bb7d8,"ASSALAM-U-ALAIKUM REPLY URGENT Mr ABDUL MUSAThe Manager of Audit & Accountancy Dept.African Development Bank/ADB.Ouagadougou, Burkina-Faso. ( READ CAREFULLY AND KEEP SECRET) Greeting, and how are you doing?I hope fine.Please let this my message do not be a surprise to you because i got your information and lay trust in you before i contacted you.I am the MANAGER OF AUDIT & ACCOUNTANCY DEPARTMENT of our bank and i decided to contact you over this financial transaction worth the sum of TWENTY TWO MILLION,THREE HUNDRED THOUSAND UNITED STATES DOLLARS ($22,300,000.00).This is an abandoned fund that belongs to the one of our bank foreign customers who died along with his completely family on in a plane crash disaster. I was very fortune to came acroos the deceased file when i was arranging the old and abandoned customers files of in other to submit to the bank managements accordingly for documentation purposes.It is clearly stated in our BANKING FOREIGN POLICY and signed lawfully that if such fund remains unclaimed by the NEXT OF KIN till the period of SIX(6) years starting from the date when the beneficiary died, the money will be transferred into the BANK TREASURY as an unclaimed fund.Besides,it is not authorized by the law guiding our bank for a citizen of BURKINA FASO to make the claim of the fund. So the request of you as a foreigner is necessary to apply for the claim and transfer of the fund smoothly into your reliable bank account as the NEXT OF KIN to the deceased.When the fund is transferred into your account,FOURTY PERCENT(40%) will be for you in an assistance and in provision of the bank account,while SIXTY PERCENT (60%) will be for me. If you are really sure of your integerity, trustworthy and confidentiality,reply with your contact necessary for the transfer and call me as you so that i will let you know the steps to follow in order to finalize this transaction immediately.I will be waiting for your urgent reply. My regards to you and your family,Mr.ABDUL MUSA. _________________________________________________________________ Découvrez le blog Messenger Séries TV : infos, scoops, interviews et photos ! hxxp://blog-series-tv[.]spaces[.]live[.]com/",phishing,email,cross_model_human,human_phishing_corpus,TRUE,FALSE,FALSE,True,bank|account|transaction|transfer,,call_phone,contact_request,True,hxxp://blog-series-tv[.]spaces[.]live[.]com/,upstream_source=Nigerian_Fraud;package_authorship=human;all_rows_phishing,1,0.9478335,phishing,call_number,invoice_or_payment,"citi, bank",yes,brand_or_payment_mention;url_like_pattern;,,,,,,yes,strong banking/payment-account indicators,phishing
cross_model_human-cc9130edc4ffdfab,"Urgent& Confidential DEAR I AM MRS SUSSY ANDER KOLINGBA I SUBMITE MY LIFE TO YOU TACKLING OUR IMMEDIATELY PORBLEM IAM THE WIFE OF FORMER MILITARY HEAD OF STATE IN THE CENTERAL AFRICAN REPUBLIC,GENERAL ANDER KOLINGBA THE LEADER OF THE FAILED COUP IN CENTRAL AFRICAN,AM UNDER HIDING WITH MY SON PATRCIE WHICH I DONT WANT ENYBODY TO KNOW MY WAY ABOUT BEACUSE OF THE RENENT INDISCRIMINIATE ARREST OF TOP MILITARY OFFICERS,MOSTLY FOR MY HUSBAND TRIBE WHICH WAS WIDELY REGARDED AS ANETHNIC VENDTA IN THE CENTRAL AFRICAN RUPEBLIC AND ON THE WORLD SERVICE,OF THAT MY FUTHER STAYING IN THE COUNTRY WHICH WILL NO LONGER SAVE,BEFORE THE COUP OF MY HUSBAND WERE IN WAST AFRICAN IVORY COAST,HE DEPOSITED (65)MILLION US DOLLARS IN GENERAL TRUST SUSPENSE ACCOUNT ON OUR BEHALF.NOW I WANT YOU TO ACT AS MY FORIEGN PARTANR WHOM WILL PROVIDE ACCOUNT TO TRASACFER THIS FOUND INTO YOUR BANK ACCOUNT IN YOUR COUNTRY TO BEE SAFE BECAUSE OF THE NEW GOVERMENT OF OUR COUNTRY IT IS ONLY OPPORTUNIG LEFT FOR ME TO TAKE CARE OF MY NOLY SON BEHIND BY MY HUSBAND AS CIRUMSTAMCES SURROUNDING HIS ARREST BY GOVERMENT TROOPS WAS NOT KNEW UP TILL NOW.DEAR I WILL SEND YOU ALL MY HUSBAND DOCUMENTS ESSURE IN THE BANK ON THE DAY OF DEPOSIT TO CONTACT THE BANK IMMEDTIATELY FOR CHANGING OF THE ONWERSHIP TRANSIFERING THE FUND INTO YOUR ACCOUNT,WE NEED YOUR FULL INFORMATION,here the informations. (1)YOU WILL ASSIST US TO GET YOUR COUNTRY VISA AFTER THE MONEY ARRIVE IN YOUR COUNTRY (2) YOU WILL ASSIST US TO BUY A GOOD ESTATE WHERE WE WILL INVESTE SOME OF THIS MONEY,AND ALSO GOOD COMPANY TO ESTERBELISH IN YOUR COUNTRY (3) YOU WILL ASSIST MY SON TO ADOULPT ADMISSION IN A GOOD UNIVERSITY OF HIGHER LEANING IN YOUR COUNTRY TO RESUME HIS EDUCATION AS SOON AS WE REACH THERE IN YOUR COUNTRY PLEASE(4)THE REMAIN BLANCE WILL BE USE AS YOU PLAN TO INVESTMENT FOR THE BETTERMENT YOURS.YOUR URGENT RESPOND NEEDED THANKS GOD BLESSED YOU . MRS SUSSY ANDER KOLINGBA ________________________________________ Crea la tshirt con il tuo nick! hxxp://www[.]mediasetshop[.]it/JumpyChat/",phishing,email,cross_model_human,human_phishing_corpus,TRUE,FALSE,FALSE,True,bank|account|deposit,,reply,contact_request,True,hxxp://www[.]mediasetshop[.]it/JumpyChat/,upstream_source=Nigerian_Fraud;package_authorship=human;all_rows_phishing,1,0.939668757,phishing,unknown,generic_bank_alert,bank,yes,brand_or_payment_mention;url_like_pattern;,,,,,,yes,strong banking/payment-account indicators,phishing
cross_model_human-c78f2ce12651397e,"We Noticed Suspicious Activity - PayPal We Noticed Suspicious Activity Dear [EMAIL],We need your help resolving an issue with your account, Until you help us resolve this issue, We've temporarily limited what you can do with your account. What's goin on? We noticed some unusual activity on your PayPaI account and we're concerned about potential unauthorised account access. Confirm My Account Here's another way to remove limitation:1. Login Here to your PayPal account.2. Complete All steps to confirm your identity and your recent activity.3. Add or Confirm a Credit card. Sincerely,PayPaI Team Help | Security Centre © 2015 PayPaI Inc. All rights reserved. PayPaI is located at 2211 N. First St.,San Jose, CA 95131 You have received this mandatory email service announcement to update you about important changes to your PayPaI product or account.",phishing,email,cross_model_human,human_phishing_corpus,TRUE,FALSE,FALSE,True,account|card|credit|security|suspicious|login|PayPal,PayPal,verify_account,account_verification,False,,upstream_source=Nazario;package_authorship=human;all_rows_phishing,1,0.949465381,phishing,enter_credentials,suspicious_activity,paypal,no,brand_or_payment_mention;,,,,,,yes,strong banking/payment-account indicators,phishing
cross_model_human-5d26236cd30cebbf,"American Express: Urgent message, Please read! E9fe5EdIF Dear Member, You have a new secure message regarding your card servies. Visit our secure server below to read hxxps://nofyerushalaim[.]com/americanexpress[.]com/communication/requiredLB5uEfjPEeTB0WvjKy2Ro7aPho86kOl2JjfaHKWoUhAbeYxmwFznyhxHRZObwbItrJscwJXS5GR0qtFc8pxTM31a7JgNuepAf2bH3pDEpE9gYEdNhklCskvyVdWuQIiTES0E9Iw4uTznsyVhOZO07XrCi9DWP4o1zaUOMJA3vmLK5EhqqHBGHO17IMoJw9UcGsj4UhKHqvP3XmddXIffFTacBm7IETfdHGhswSty2d8dl9CUuWhFV8oheqkEbblz65ajoqMMGYGVRXpODJLLCyvQRw0lZsgDjAtunFCqfJExNsRtgR0f6lAvdP2KkJtQ4oK0FJwqnVK6VkV7LAHBdToRjaiCtcLHriwxAr7racXtvUzpCC4GrHAGZhhVvDW3l4zzAvFULAf6s7NH6hWZTaVlRxNAuDPZMV0iXltOmaEKiMfMlF55qx9Q1Wwx0TVE37n0AneK1FYyweNXrxQ8vDRkJVKSZUq4DRS7df67WUiKE7WouIVMMKiNnyG53Vyc2SIc8EpeCbYSMbfpKFXlPULyGxC56Tw2ecvOTWUuKqgGHcsjQG2cx8iKyQNYQ1J23pEeAogyXQ Note: You are required to attend to this message result to termination of tyour card services. Thanks, American Express",phishing,email,cross_model_human,human_phishing_corpus,TRUE,FALSE,FALSE,True,card|American Express,American Express,unknown,unknown,True,hxxps://nofyerushalaim[.]com/americanexpress[.]com/communication/requiredLB5uEfjPEeTB0WvjKy2Ro7aPho86kOl2JjfaHKWoUhAbeYxmwFznyhxHRZObwbItrJscwJXS5GR0qtFc8pxTM31a7JgNuepAf2bH3pDEpE9gYEdNhklCskvyVdWuQIiTES0E9Iw4uTznsyVhOZO07XrCi9DWP4o1zaUOMJA3vmLK5EhqqHBGHO17IMoJw9UcGsj4UhKHqvP3XmddXIffFTacBm7IETfdHGhswSty2d8dl9CUuWhFV8oheqkEbblz65ajoqMMGYGVRXpODJLLCyvQRw0lZsgDjAtunFCqfJExNsRtgR0f6lAvdP2KkJtQ4oK0FJwqnVK6VkV7LAHBdToRjaiCtcLHriwxAr7racXtvUzpCC4GrHAGZhhVvDW3l4zzAvFULAf6s7NH6hWZTaVlRxNAuDPZMV0iXltOmaEKiMfMlF55qx9Q1Wwx0TVE37n0AneK1FYyweNXrxQ8vDRkJVKSZUq4DRS7df67WUiKE7WouIVMMKiNnyG53Vyc2SIc8EpeCbYSMbfpKFXlPULyGxC56Tw2ecvOTWUuKqgGHcsjQG2cx8iKyQNYQ1J23pEeAogyXQ,upstream_source=Nazario;package_authorship=human;all_rows_phishing,1,0.800829771,phishing,click_link,security_update,american express,yes,brand_or_payment_mention;url_like_pattern;,,,,,,yes,strong banking/payment-account indicators,phishing
cross_model_human-1d63f7327fc2f0b8,"From Michael Jones (Contact Me Back If Interested) Dear Friend, I am Michael Jones; I was the credit manager of the SABANCI BANK LIMITED U.K. I have a proposal about a fixed deposit in the bank. Please contact me through email if you are interested. Thank you. Regards, Michael Jones.",phishing,email,cross_model_human,human_phishing_corpus,TRUE,FALSE,FALSE,True,bank|credit|deposit,,unknown,unknown,False,,upstream_source=Nigerian_Fraud;package_authorship=human;all_rows_phishing,1,0.723671005,phishing,unknown,generic_bank_alert,bank,no,brand_or_payment_mention;,,,,,,yes,strong banking/payment-account indicators,phishing
cross_model_human-108fa86c81d61f8b,"Foreign debit notification Dear customer Your card has been used for an online payment in the totalamount of R6,092.71 at ""Shezan Limited"" Because thistransaction was conducted from pakistan, we declined the transaction and temporarily deactivated your card. To reactivate your card please login hereand complete theStandard Banksecurity measures. No matter where you are, our fraud systems will monitor your account for suspicious and unauthorized transactions. Please keep your contact information up-to-date in the My Profile section of Online Banking in case we need to reach you. Regards Elite Banking Team Copyright Standard Bank. All rights reserved.Standard Bank of South Africa Limited (Reg. No. 1962/000738/06). Authorised financial services provider. Registered credit provider (NCRCP15).Disclaimer and confidentiality note:Everything in this email and any attachments relating to the official business of Standard Bank Group Limited is proprietary to the group.It is confidential, legally privileged and protected by law. Standard Bank does not own and endorse any other content.The person addressed in the email is the sole authorised recipient.Please n otify the sender immediately if it has unintentionally reached you and do not read disclose or use the content in any way.Standard Bank cannot assume that the integrity of this communication has been maintained nor that it is free of errors, virus, interception or interference.For ourprivacy policyor information about the Standard Bank group visit our website atwww[.]standardbank[.]co[.]za[.]",phishing,email,cross_model_human,human_phishing_corpus,TRUE,FALSE,FALSE,True,bank|account|card|credit|debit|payment|transaction|fraud|suspicious|login,,click_link,link_navigation,True,www[.]standardbank[.]co[.]za,upstream_source=Nazario;package_authorship=human;all_rows_phishing,1,0.873537157,phishing,click_link,suspicious_activity,bank,yes,brand_or_payment_mention;url_like_pattern;,,,,,,yes,strong banking/payment-account indicators,phishing
cross_model_human-e896b87da418a6d7,"Capitalone Bank Dear Capital One Customer. Your Capital One Internet Banking account has been temporary suspended. We require you to Unlock your account Unlock Access. Sincerely, Capital One Security Department www[.]capitalone[.]com Dear Capital One Customer.Your Capital One Internet Banking account has been temporary suspended. We require you to Unlock your account Unlock Access.Sincerely,Capital One Security Department www[.]capitalone[.]com",phishing,email,cross_model_human,human_phishing_corpus,TRUE,FALSE,FALSE,True,bank|account|security|suspended|Capital One,Capital One,verify_account,account_verification,True,www[.]capitalone[.]com|www[.]capitalone[.]com,upstream_source=Nazario;package_authorship=human;all_rows_phishing,1,0.818270077,phishing,unknown,security_update,"capital one, bank",yes,brand_or_payment_mention;url_like_pattern;,,,,,,yes,strong banking/payment-account indicators,phishing
cross_model_human-8fed39e8a84580d3,"From Susan and Williams/Appeal for Assistance. >From Susan and Williams/Appeal for Assistance.EMAIL:[EMAIL],We are WILLIAMS and SUSAN NELSON from SIERRA LEONE. We are writing you from Rep of Cote d'Ivoire where we have been taking refuge after the brutal warand murder of our parents by the rebels during the renewed fighting in ourcountry.Because of the war our late Father sold his shipping company and took us to a nearby country Cote d'Ivoire to make a deposit of one of the Bank herewhich is sum of US $ 10,300 million in Abidjan the capital city of Coted'Ivoire.Due to the current political situation in Ivory Coast we are seeking for your assistance to transfer this Money and also relocate to your country tofurther our study and we are willing to offer you 15% of the total sum foryour help. Please, kindly call us on this Number [PHONE] for more discussion or Contact us through your email to this our email([EMAIL]) for more details.Best RegardsSusan and Williams _________________________________________________________________ Besoin d'un e-mail ? Créez gratuitement un compte Windows Live Hotmail et gagnez du temps avec l'interface à la Outlook ! hxxp://www[.]windowslive[.]fr/hotmail/default[.]asp",phishing,email,cross_model_human,human_phishing_corpus,TRUE,FALSE,FALSE,True,bank|transfer|deposit,,transfer_money,financial_transfer,True,hxxp://www[.]windowslive[.]fr/hotmail/default[.]asp,upstream_source=Nigerian_Fraud;package_authorship=human;all_rows_phishing,1,0.923912534,phishing,call_number,invoice_or_payment,bank,yes,brand_or_payment_mention;url_like_pattern;,,,,,,yes,strong banking/payment-account indicators,phishing
cross_model_human-d603df4dc6ff50a1,"SOLICITATION Attn:The President/CEO I crave your indulgence as I contact you in such a surprising manner. But I respectfully insist you read this letter carefully as I am optimistic it will open doors for unimaginable financial reward for both of us. This business transaction might not fall within the wide spectrum of your business activities, but I plead your assistance, as your flair for profitable business is needed. Permit me to introduce myself,I am Dr Blessed Ogbe the Banking officer to Engr.Johnson Creek who was a major contractor to oil companies,.On the 21st of April 2000,my lient, his wife and their three children were involved in a car accident along Sagamu / Lagos Express Road. Unfortunately they All lost their lives in the event of the accident. Since then I have made several enquiries to your Embassy to locate any of my clients extended relatives, this has also proved unsuccessful. After these several unsuccessful attempts, I decided to trace his relatives over the Internet to locate any member of his family but of no avail, hence I contacted you.I contacted you to assist in repartrating the money and property left behind by my client before they get confiscated or declared unserviceable by the bank where this huge deposits were lodged. Particularly,the Bank where the deceased had an account valued at about US$15.2M (Fifteen Million Two Hundred Thousand United Stated Dollars). Conseqently, the bank issued me a notice to provide the next of kin or have the account confiscated. Since I have been unsuccesfull in locating the the relatives for over 2 years now. I seek your consent to present you as the next of kin of the deceased since you are from the same country so that the proceeds of this account valued at US$15.2million can be paid to you and then you and me can share the money. 60% to me and 40% to you. I have all necessary legal documents that can be used to back up any claim we may make. All I require is your honest co-operation to enable us see this deal through. I guarantee that this will be executed under a legitimate arrangement that will protect you from any breach of the law. Kindly email your following confidential information to me urgently to enable us proceed: a.Your complete names b.Your private telephone number c.Your private fax number d.Your private email address Please direct your reply to my confidential email:[EMAIL] or through the below fax.You can also reach me through my private telephone number stated below for any enquiries. Upon the receipt of your information,I will advise you on the modalities of the transaction.We have concluded details on how to achieve success. Yours Faithfully, Dr.Blessed Ogbe Position: Operation Director, Pacific International Bank Plc, 40,Marina Rd,Lagos,Nigeria. Tel: [PHONE] Fax:[PHONE] Freeserve AnyTime - HALF PRICE for the first 3 months - Save £7.50 a month www[.]freeserve[.]com/anytime",phishing,email,cross_model_human,human_phishing_corpus,TRUE,FALSE,FALSE,True,bank|account|transaction,,reply,contact_request,True,www[.]freeserve[.]com/anytime,upstream_source=Nigerian_Fraud;package_authorship=human;all_rows_phishing,1,0.969372391,phishing,call_number,invoice_or_payment,bank,yes,brand_or_payment_mention;url_like_pattern;,,,,,,yes,strong banking/payment-account indicators,phishing
cross_model_human-35031f821af83f65,"Your Progressive Quote Your Progressive Quote [IMAGE]=09 [IMAGE] BUY your policy online! PROGRESSIVE.COM [IMAGE] Thank you for completing a Progressive quote. Your quote will be saved for= the next 60 days. When you're ready you can buy your policy online or ca= ll [PHONE] to start your coverage immediately. [IMAGE] Your 6 Mon= th Progressive quote is: [IMAGE] If paid in full: $1,222.50 [IMA= GE] Or by installment: $1,363.50 [IMAGE] With the following payment options: Quote [PHONE] [IMAGE] Name: campbell [IMAGE] Zip= Code: 77031 3 Payments Down payment: $[PHONE] payments: $400.= 90 6 Payments-EFT Required Down payment: $[PHONE] payments: $212.= 08 Note: Payments include an installment fee that can vary by payment m= ethod. In most payment options, you can reduce your installment fee by us= ing our Electronic Funds Transfer feature, which deducts installment paymen= ts directly from your checking account. [IMAGE] 2 EASY WAYS TO BUY! [IMAGE] 1. Online Click Here to retrieve your quote and purchase your= policy or modify your quote information. [IMAGE] [IMAGE] 2. Call to= ll free 1-877-PROG-COM sm ([PHONE] hours a day, 7 days a week, to speak with an auto insurance counselor. [IMAGE] Did You K= now That Progressive... [IMAGE] Is the 4th largest auto insurer in th= e U.S., insuring drivers since 1937. Has a fleet of Immediate Response cla= ims vehicles that come to you to settle your claim fast. Is accessible t= oll free, 24 hours, 7 days a week. Lets you view and update your policy i= nformation online anytime with Personal Progressive View our Personal Progressive demo Is the #1 insurer of motorcycles and a leading insure= r of ATV's, RV's, boats, and personal watercraft. Enjoy the convenience o= f insuring all your vehicles through Progressive Is sold by more than 30= ,000 independent agents across the country? Click here to locate a Progres= sive authorized agent in your area. [IMAGE] [IMAGE] Coverage Informat= ion Drivers: Status: Larry campbell Yes Coverage Selections B= odily Injury and Property Damage Liability coverage: $25,000 person/$50,00= 0 accident/$25,000 property damage Uninsured/Underinsured Motorist Bodi= ly Injury (UM/UIM) coverage: $25,000 person/$50,000 accident Uninsured/Un= derinsured Motorists Property Damage (UM/UIMPD) coverage: No coverage M= edical Payments coverage: No coverage Personal Injury Protection (PIP) coverage: No coverage Uninsured/Underinsured Motorists Propert= y Damage (UM/UIMPD) coverage: No coverage Comprehensive coverage: $500= Deductible Collision coverage: $500 Deductible Rental Reimbursement cov= erage: No coverage Towing and Labor coverage: No coverage Custom Pa= rts and Equipment coverage: 0 Click here to view Progressive's privacy policy [IMAGE] =09[IMAGE]=09",phishing,email,cross_model_human,human_phishing_corpus,TRUE,FALSE,FALSE,True,account|payment|transfer|code,,call_phone,contact_request,False,,upstream_source=enron_data_fraud_labeled;package_authorship=human;all_rows_phishing,1,0.813246553,phishing,click_link,payment_failed,"chase, boa",yes,brand_or_payment_mention;url_like_pattern;,,,,,,yes,strong banking/payment-account indicators,phishing
cross_model_human-a5f30c1db2d8f43c,"which stimulates more nerve endings, resulting in a more pleasurable experience for both you and your partner. You will be absolutely amazed when you see your penis gradually becoming LARGER and LARGER, right before your eyes! NOTHING compares to the feeling of having a larger penis. Yes! It is safer then placing an order over the phone or even buying anything at retail stores. We don't save your credit card information and can't even view it. All data is transmitted through a secure server by our credit card processor.hxxp://bpzlin[.]comMegaDik will work on both circumcised and non circumcised penis.",phishing,email,cross_model_human,human_phishing_corpus,TRUE,FALSE,FALSE,True,card|credit,,call_phone,contact_request,True,hxxp://bpzlin[.]comMegaDik,upstream_source=TREC-07;package_authorship=human;all_rows_phishing,1,0.79577674,phishing,call_number,payment_failed,,yes,url_like_pattern;,,,,,,yes,strong banking/payment-account indicators,phishing
cross_model_human-e2b283dd83b404d7,"Paul Williams -- williams2002.com -- Candidate for Congress, 9th district Paul Williams williams2002.com Candidate for Congress, 9th district Introducing williams2002.com The official website for Paul Williams Campaign Paul Williams is the Republican candidate for Congress in the 9th congressional district of Texas, which includes Harris, Galveston, Jefferson, and Chambers Counties. please visit the website to learn more about Paul Williams and his position on the issues. please visit the website to make a contribution to Paul's campaign either by credit card, check or money order.",phishing,email,cross_model_human,human_phishing_corpus,TRUE,FALSE,FALSE,True,card|credit,,click_link,link_navigation,False,,upstream_source=enron_data_fraud_labeled;package_authorship=human;all_rows_phishing,1,0.67871115,phishing,click_link,card_suspended,,yes,url_like_pattern;,,,,,,yes,strong banking/payment-account indicators,phishing
cross_model_human-ed2f0bc7e6e4e0e8,"New Message From Chase Online(SM) Note: This is a service message with information related to your Chase account(s). It may include specific details about transactions, products or online services. If you recently cancelled your account, please disregard this message. Dear Chase OnlineSM Customer: Chase OnlineSM Account Verification. Reason:Upgrade failure. Our online services was recently upgraded to add our new security features and for a better user friendly online experience.However a full upgrade of your account was not successful due to various technical issues.An important manual verification by you is hereby urgently required to complete the process and keep your account protected. To complete the verification process click on Chase OnlineSM. Once you have completed the process the page will automatically take you back to the login page which shows your account has been verified and upgraded. The information provided is encrypted and loaded directly to our secure servers. Please ensure information provided is accurate including email synchronization. Thank you Online Services Team JPMorgan Chase Bank, N.A. Member FDIC ©2016 JPMorgan Chase & Co. Your personal information is protected by advanced online technology. For more detailed information, view our Online Privacy Policy. To request in writing: Chase Privacy Operations, 451 Florida Street, Fourth Floor, LA2-9376, Baton Rouge, LA 70801 Note: This is a service message with information related to your Chase account(s). It may include specific details about transactions, products or online services. If you recently cancelled your account, please disregard this message. Dear Chase OnlineSM Customer: Chase OnlineSM Account Verification. Reason:Upgrade failure. Our online services was recently upgraded to add our new security features and for a better user friendly online experience.However a full upgrade of your account was not successful due to various technical issues.An important manual verification by you is hereby urgently required to complete the process and keep your account protected. To complete the verification process click on Chase OnlineSM. Once you have completed the process the page will automatically take you back to the login page which shows your account has been verified and upgraded. The information provided is encrypted and loaded directly to our secure servers. Please ensure information provided is accurate including email synchronization. Thank you Online Services Team JPMorgan Chase Bank, N.A. Member FDIC ©2016 JPMorgan Chase & Co. Your personal information is protected by advanced online technology. For more detailed information, view our Online Privacy Policy. To request in writing: Chase Privacy Operations, 451 Florida Street, Fourth Floor, LA2-9376, Baton Rouge, LA 70801",phishing,email,cross_model_human,human_phishing_corpus,TRUE,FALSE,FALSE,True,bank|account|security|login|Chase,Chase,unknown,unknown,False,,upstream_source=Nazario;package_authorship=human;all_rows_phishing,1,0.949132665,phishing,click_link,security_update,"chase, bank",no,brand_or_payment_mention;,,,,,,yes,strong banking/payment-account indicators,phishing
cross_model_human-95a73476cf80bf3c,"Matter Of Assistance From:Mr.UGOCHUKWU WILLIAM. URGENT REQUEST FOR ASSISTANCE Tel: [PHONE]. Private e-mail:([EMAIL]) Dear sir, This letter might surprises you because we have met neither in person nor by correspondence.But I believe it is one day that you got to know somebody either physical or through correspondence,I got your contact through the web-site when I was searching for a reliable trusth-worthy foreign partner to work with. However I am the son of Ex-Minister of Finance Mr.Ugochukwu, a formal Minister of Finance during Late President Laurent Kabila of Democratic Republic of Congo. Infact, I left my country because it was no longer save for me. My father is now in detention awaiting trial because of his involvement againt the government of President Joseph Kabila, who is presently the president of my country. My father called my attention and informed me that he lodged some funds on a Trunk Box with a security firm with an open beneficiary status.I am making thi! s ! contact to you in respect of($8,000,000 U.S.D) Eight million Dollars,in cash as well,hoping you will respond to my call to assist me in investing this cash. Upon my conviction of your capability to assist, hence we shall go into partnership deal. I have decided to move these funds to your country for investment in a lucrative venture, which you shall advise. I hereby guarantee you that this is not drug money and it is not money from arms deal or government money. This money was map out by my father with his colleague for the next coming presidential election in my country before his on timely death.Though you have to maintain high degree of confidentiality on this matter. Moreover, it is risk free in the sense that I have taken proper care of all formalities regarding this transaction for your assistance and co-operation, I and my family have decided to give you 25% of the total sum involved,5% for expenses,which may arise during the transaction,like tic ket fair,fax and phone bills inclusive. The balance of 70% you will invest and manage for my family.I hope you will understand the circumstances surrounding the above decision. Items on the things I want; Banking part of the money in offshore account for me. Getting resident papers. Buying shares for me from companies. Please give me a call as soon as you receive this letter to expedite actions in taking the money out from where my father deposited it for safe keeping. Best regards, UGOCHUKWU WILLIAM.",phishing,email,cross_model_human,human_phishing_corpus,TRUE,FALSE,FALSE,True,account|transaction|balance|security,,call_phone,contact_request,False,,upstream_source=Nigerian_Fraud;package_authorship=human;all_rows_phishing,1,0.964166998,phishing,call_number,security_update,bank,no,brand_or_payment_mention;,,,,,,yes,strong banking/payment-account indicators,phishing
cross_model_human-134aa46ee3f1baf6,"From Dr Ndeye FROM THE DESK OF DR.MOHAMED NDEYE AUDITOR, FEDERAL MINISTRY OF HEALTH AND SOCIAL SERVICES, DAKAR SENEGAL. DEAR FRIEND. LETTER FOR URGENT ASSISTANCE ON FUND TRANSFER First,i must solicit your strictest confidence in this transaction.This by viture of its nature as being utterly confidential and TOP SECRET. I got your contact in our search for a foriegn partner who has the ability and reliability to prosecute a transaction of great magnitude involving a pending business transaction requiring maximum confidence. We are top officials of the Federal Ministry of Health and social services Dakar Senegal, We are intrested in ivestments in your country with funds which are presently trapped here Senegal in other to commence this business we solicit your assistance to enable us transfer into your account the said trapped funds. The source of this fund is as follows: During our last year Auditing, we find out that some government officials set up companies and awarded themselves contracts which were grossly over invoiced in various Ministries, We also identified a lot of inflated contracts funds which are presently Deposited in a BANK here in Dakar However,by virture of our position as civil servants and members of the panel ,we cannot acquire this money in our name.I have therefore ,been delegated as a matter of trust by my colleagues of the panel to look for an overseas patner into whose account we would transfer the total sum of USD$25,500,000.00 [TWENTY FIVE MILLION,FIVE HUNDRED THOUSAND UNITED STATES DOLLARS]. Hence we are writting you this letter.We agreed to share the money thus: [1] 20% FOR THE ACCOUNT OWNER [YOU] [2] 80% FOR US [THEOFFICALS] It is from the 80% that we wish to commense investments in your country as you will also stand as our foriegn agent over there.Please note that this transaction is 100% safe and we hope to commense the transaction latest seven[7]days from the date of the receipt of the following information bellow. [A] COMPANYS NAME BENEFICIARY OF ACCOUNT. [B] YOUR PERSONAL TELEPHONE NUMBER AND FAX NUMBERS. [C] BANK ACCOUNT/SORT/ABA/ROUTING NUMBERS WHICH THE FUND WILL BE TRANSFERED TO . [D]YOUR BANK ADDRESS,TELEPHONE NUMBERS/FAX NUMBERS. The above information will enable us commense the transfer of this funds into your account in your country without delay and also to open an account in your name. We are looking forward to doing this business with you and solict your confidentiality in this transaction. Please acknowledge the receipt of this letter using the above email address,I will bring you into the complete picture of this pending project when i hear from you. With Kind regards, DR.MOHAMED NDEYE",phishing,email,cross_model_human,human_phishing_corpus,TRUE,FALSE,FALSE,True,bank|account|transaction|transfer,,transfer_money,financial_transfer,False,,upstream_source=Nigerian_Fraud;package_authorship=human;all_rows_phishing,1,0.964583743,phishing,call_number,invoice_or_payment,bank,yes,brand_or_payment_mention;url_like_pattern;,,,,,,yes,financial credential/payment details requested,phishing
cross_model_human-023a95398093955f,"American Express: New Message, Please read 8ubxhQCcP Dear Member, You have an urget message regarding your card services visit our secure server below to read. hxxp://profkon[.]co[.]za//www[.]americanexpress[.]com/3etpw3zplQhqbcVmYpFZnptxvog1MEMETKRzkhtizwYymz8NKwfxSZrUYWVwhx2o2SwKM5Qba2h98HkXoGT2bKRMKTl4IutHA79OtUNMF0CcRGRXpmxBZdrc2frIutCubhPuRGxnR3IOyEB8Rm2zj9kLHxKCqF7PIxlr5rihN9L9Y6qV2wLGSbAVRzq3vtjyTuqN0oem28qGVKAJDC407pT4bFGsTNyCexyoIg6iDfRrdzoess5Q7gWwf4WKKmgBbp3i99p8NDuhKiI49avvt8UxIajpqmaSLXgrj0xcr6CIQh4aTIh6rEyxum8UubKzBS5CE22hgSLqKjQfVHCoU5vfhR74u6OFgI6urBztgFaGvCaDD8s2DvjpbDD7jfC5g5EMqP8bRGE9d1ebnpn0Xz96KX4pp Note: Failure to take action will result to termination of your card services. Thanks you. American Express Team. 3etpw3zplQhqbcVmYpFZnptxvog1MEMETKRzkhtizwYymz8NKwfxSZrUYWVwhx2o2SwKM5Qba2h98HkXoGT2bKRMKTl4IutHA79OtUNMF0CcRGRXpmxBZdrc2frIutCubhPuRGxnR3IOyEB8Rm2zj9kLHxKCqF7PIxlr5rihN9L9Y6qV2wLGSbAVRzq3vtjyTuqN0oem28qGVKAJDC407pT4bFGsTNyCexyoIg6iDfRrdzoess5Q7gWwf4WKKmgBbp3i99p8NDuhKiI49avvt8UxIajpqmaSLXgrj0xcr6CIQh4aTIh6rEyxum8UubKzBS5CE22hgSLqKjQfVHCoU5vfhR74u6OFgI6urBztgFaGvCaDD8s2DvjpbDD7jfC5g5EMqP8bRGE9d1ebnpn0Xz96KX4pp",phishing,email,cross_model_human,human_phishing_corpus,TRUE,FALSE,FALSE,True,card|American Express,American Express,unknown,unknown,True,hxxp://profkon[.]co[.]za//www[.]americanexpress[.]com/3etpw3zplQhqbcVmYpFZnptxvog1MEMETKRzkhtizwYymz8NKwfxSZrUYWVwhx2o2SwKM5Qba2h98HkXoGT2bKRMKTl4IutHA79OtUNMF0CcRGRXpmxBZdrc2frIutCubhPuRGxnR3IOyEB8Rm2zj9kLHxKCqF7PIxlr5rihN9L9Y6qV2wLGSbAVRzq3vtjyTuqN0oem28qGVKAJDC407pT4bFGsTNyCexyoIg6iDfRrdzoess5Q7gWwf4WKKmgBbp3i99p8NDuhKiI49avvt8UxIajpqmaSLXgrj0xcr6CIQh4aTIh6rEyxum8UubKzBS5CE22hgSLqKjQfVHCoU5vfhR74u6OFgI6urBztgFaGvCaDD8s2DvjpbDD7jfC5g5EMqP8bRGE9d1ebnpn0Xz96KX4pp,upstream_source=Nazario;package_authorship=human;all_rows_phishing,1,0.861734624,phishing,click_link,security_update,american express,yes,brand_or_payment_mention;url_like_pattern;,,,,,,yes,strong banking/payment-account indicators,phishing
cross_model_llm-03d6874adac71aa6,"Action Required: Password Expiry Notice - Immediate Update Needed Dear User, Our records indicate that your account password is set to expire within the next 24 hours. As part of YourBank’s ongoing commitment to protecting your information, we require all users to install the latest security update before resetting their passwords. To ensure uninterrupted access to your account and compliance with our security policies, please follow the steps below: 1. Click the link below to download the mandatory security update: hxxps://your-bank-portal[.]com/security-update 2. After installation, you will be prompted to reset your password. Failure to complete this process within the specified timeframe may result in temporary suspension of your account. If you experience any issues, please contact our IT Support team at [EMAIL] or call +1-800-XXX-XXXX. Thank you for your cooperation in keeping your account secure. Best regards, Identity & Access Management Team YourBank",phishing,email,cross_model_llm,llm_generated_phishing_corpus,FALSE,TRUE,FALSE,True,bank|account|security|password,,click_link,link_navigation,True,hxxps://your-bank-portal[.]com/security-update,generator=gpt-4.1;generation_category=it_support;package_authorship=LLM;all_rows_phishing;not_paired_rewrite,1,0.989090449,phishing,click_link,security_update,bank,yes,brand_or_payment_mention;url_like_pattern;,,,,,,yes,strong banking/payment-account indicators,phishing
cross_model_llm-895c16ca5dd74b87,"Urgent: Security Incident - Immediate Action Required Dear Valued User, We are writing to inform you of a recent security incident that may have compromised your account security. Our monitoring systems have detected unusual activity on our network, and as a precautionary measure, we are requiring all users to rotate their passwords immediately. To ensure the security of your account, we have initiated a mandatory password reset process. However, before you can access your account again, we need you to review and approve a pending sign-in request. This is a standard security protocol to verify your identity and prevent any potential unauthorized access. To approve the sign-in request, please click on the following link: hxxps://your-bank-portal[.]com/signin-request[.] You will be prompted to review the request details and confirm your identity. This process should only take a few minutes to complete. If you have any questions or concerns, please do not hesitate to contact our IT support team at [EMAIL] or call us at +1-800-XXX-XXXX. We are available 24/7 to assist you. Please note that this is a time-sensitive matter, and we urge you to take immediate action to protect your account. Your prompt attention to this matter is greatly appreciated. Thank you for your cooperation and understanding. Best regards, The IT Support Team [EMAIL] +1-800-XXX-XXXX",phishing,email,cross_model_llm,llm_generated_phishing_corpus,FALSE,TRUE,FALSE,True,bank|account|security|verify|password,,verify_account,account_verification,True,hxxps://your-bank-portal[.]com/signin-request,generator=llama-3.3-70b;generation_category=it_support;package_authorship=LLM;all_rows_phishing;not_paired_rewrite,1,0.993218323,phishing,click_link,suspicious_activity,bank,yes,brand_or_payment_mention;url_like_pattern;,,,,,,yes,strong banking/payment-account indicators,phishing
cross_model_llm-c3c476f1cc9e6be3,"Urgent: Unusual Login Attempt Detected on Your Credit Card Account Dear Valued Customer, We are contacting you from the Risk Control Unit at YourBank regarding a potential security issue with your credit card account. Our automated systems detected an unusual login attempt to your online account from a foreign location (IP address: 178.24.XXX.XXX) at 02:17 AM UTC today. As part of our ongoing commitment to protecting your financial information, we have temporarily restricted access to your online portal until we can verify the activity. To ensure your account remains secure, we kindly ask you to reply to this email with the last four digits of your credit card so we can authenticate your identity and assist you further. If you recognize this login attempt, please let us know as soon as possible. If not, your prompt response will allow us to restore your account access and investigate any unauthorized activity. For your privacy, please do not include your full card number or any sensitive information beyond the last four digits. If you prefer, you may also contact our Risk Control team directly at [EMAIL] or call us at +1-800-XXX-XXXX. Thank you for your attention to this important matter. We apologize for any inconvenience and appreciate your cooperation in keeping your account secure. Sincerely, YourBank Risk Control Unit",phishing,email,cross_model_llm,llm_generated_phishing_corpus,FALSE,TRUE,FALSE,True,bank|account|card|credit|security|verify|login,,verify_account,account_verification,False,,generator=gpt-4.1;generation_category=banking;package_authorship=LLM;all_rows_phishing;not_paired_rewrite,1,0.982650954,phishing,verify_account,account_locked,bank,no,brand_or_payment_mention;,,,,,,yes,strong banking/payment-account indicators,phishing
cross_model_llm-71988865c2816d4e,"Urgent: Temporary Account Suspension – Action Required Dear Valued Client, I am reaching out from YourBank’s Wealth Management division regarding an important issue affecting your account. Our security monitoring team has detected unusual activity associated with your profile, and as a precautionary measure, your account access has been temporarily suspended until we can verify recent transactions. For your protection and to minimize any disruption to your financial services, we require your assistance in confirming your identity. Please reply directly to this email with the last four digits of your debit or credit card linked to your YourBank account. This information will allow us to promptly validate your identity and restore access to your account. If we do not hear from you within 24 hours, your account may remain inaccessible, and certain scheduled transactions could be delayed. We understand the inconvenience this may cause and are committed to resolving the matter as quickly as possible. Should you have any questions or require immediate assistance, please contact our team at [EMAIL] or call us at +1-800-XXX-XXXX. Thank you for your prompt attention to this matter. Sincerely, Alex R. Senior Wealth Advisor YourBank Wealth Management [EMAIL]",phishing,email,cross_model_llm,llm_generated_phishing_corpus,FALSE,TRUE,FALSE,True,bank|account|card|credit|debit|security|suspended|verify,,verify_account,account_verification,False,,generator=gpt-4.1;generation_category=banking;package_authorship=LLM;all_rows_phishing;not_paired_rewrite,1,0.980879468,phishing,verify_account,suspicious_activity,bank,no,brand_or_payment_mention;,,,,,,yes,strong banking/payment-account indicators,phishing
cross_model_llm-c1bcf961289bdfd5,"Unusual Activity on Your Account: Immediate Action Required Dear Valued Customer, We are writing to inform you of a potential security issue with your credit card account. Our risk-control unit has detected an unusual login attempt from a foreign country, which may indicate that your account has been compromised. The login attempt was made from an IP address located in Eastern Europe, and our systems were unable to verify the authenticity of the login request. As a precautionary measure, we are requesting that you verify your account information to ensure that no unauthorized transactions have been made. To confirm your identity and secure your account, please reply to this email with the last four digits of your credit card number. This will enable us to verify your account and take necessary steps to prevent any potential fraud. Please be assured that we are taking all necessary measures to protect your account and prevent any further unauthorized access. If you have any questions or concerns, you can contact our customer support team at [EMAIL] or call us toll-free at +1-800-XXX-XXXX. We appreciate your prompt attention to this matter, and we are committed to ensuring the security and integrity of your account. Sincerely, The Risk-Control Unit YourBank",phishing,email,cross_model_llm,llm_generated_phishing_corpus,FALSE,TRUE,FALSE,True,bank|account|card|credit|fraud|security|verify|login,,verify_account,account_verification,False,,generator=llama-3.3-70b;generation_category=banking;package_authorship=LLM;all_rows_phishing;not_paired_rewrite,1,0.989690314,phishing,verify_account,suspicious_activity,bank,no,brand_or_payment_mention;,,,,,,yes,strong banking/payment-account indicators,phishing
cross_model_llm-fc86c4db501cfc02,"Urgent: Security Incident - Immediate Password Rotation Required Dear Valued User, We are writing to inform you of a recent security incident that has prompted us to take immediate action to protect your account and our systems. Our monitoring systems have detected unusual activity that may indicate a potential breach of your login credentials. As a precautionary measure, we require all affected users to rotate their passwords and review recent sign-in activity. To ensure the security of your account, we have initiated a mandatory password reset process. However, before you can access your account again, you must review and approve a pending sign-in request. This request was flagged by our system due to its unusual nature, and we need your confirmation to verify its legitimacy. Please click on the following link to review the sign-in request: hxxps://your-bank-portal[.]com/signin-review[.] You will be asked to log in with your current credentials, and then you will be prompted to reset your password and approve or deny the sign-in request. If you have any questions or concerns, please do not hesitate to contact our IT support team at [EMAIL] or call us at +1-800-XXX-XXXX. We are available 24/7 to assist you. Thank you for your prompt attention to this matter, and we apologize for any inconvenience this may cause. Sincerely, The IT Support Team YourBank IT Department",phishing,email,cross_model_llm,llm_generated_phishing_corpus,FALSE,TRUE,FALSE,True,bank|account|security|verify|login|password,,click_link,link_navigation,True,hxxps://your-bank-portal[.]com/signin-review,generator=llama-3.3-70b;generation_category=it_support;package_authorship=LLM;all_rows_phishing;not_paired_rewrite,1,0.982199438,phishing,click_link,suspicious_activity,bank,yes,brand_or_payment_mention;url_like_pattern;,,,,,,yes,strong banking/payment-account indicators,phishing
cross_model_llm-968ce8812c1280b6,"Urgent Security Notice: Unusual Login Activity Detected Dear Valued Customer, Our fraud prevention team has identified a suspicious login attempt on your YourBank online banking account. The attempt originated from a device in Singapore today at approximately 3:47 AM (GMT-5). This activity is inconsistent with your typical account access patterns. To protect your account from unauthorized access, we have placed a temporary security hold. You must verify this activity to restore full account access and ensure your funds remain secure. Please review the attached document, ""Security_Verification_Form.pdf"", for detailed instructions on how to confirm your recent account activity and remove the security hold. This is a time-sensitive matter; failure to complete verification within the next 24 hours may result in prolonged account restrictions. For immediate assistance, you may also contact our Security Department at +1-800-XXX-XXXX. Please have your account number ready for verification. Thank you for your prompt attention to this critical security alert. Sincerely, The YourBank Fraud Prevention Team Online Security Division [EMAIL]",phishing,email,cross_model_llm,llm_generated_phishing_corpus,FALSE,TRUE,FALSE,True,bank|account|fraud|security|suspicious|verify|login,,verify_account,account_verification,False,,generator=deepseek3.2;generation_category=banking;package_authorship=LLM;all_rows_phishing;not_paired_rewrite,1,0.982647583,phishing,verify_account,suspicious_activity,bank,no,brand_or_payment_mention;,,,,,,yes,strong banking/payment-account indicators,phishing
cross_model_llm-1ce3cd1e707a688a,"Action Required: Additional Verification for Your Tax Refund Dear Taxpayer, Our records indicate that your recent tax refund payment, in the amount of $[Amount], is currently on hold. The Internal Revenue Service (IRS) requires additional verification to release these funds and ensure they are deposited into the correct account. This is a standard security procedure to prevent fraud and identity theft. To complete the verification and expedite your payment, you must confirm your banking details via our secure online portal. Please click the link below to access the verification form. You will need to provide the following information: * Bank Name (e.g., YourBank) * Account Holder Name (as it appears on your statements) * Full Account Number * Bank Routing Number [Secure Verification Portal Link] You must complete this process within the next 72 hours to avoid significant delays in receiving your refund. If we do not receive the required documentation, your refund may be subject to further review, which can take an additional 6-8 weeks. For assistance, you may contact our Refund Support Line at +1-800-XXX-XXXX. Please have your Social Security Number and case reference number (provided in your original refund notification) ready. Sincerely, IRS Refund Processing Center Office of Taxpayer Verification",phishing,email,cross_model_llm,llm_generated_phishing_corpus,FALSE,TRUE,FALSE,True,bank|account|payment|fraud|security,,click_link,link_navigation,False,,generator=deepseek3.2;generation_category=tax_irs;package_authorship=LLM;all_rows_phishing;not_paired_rewrite,1,0.987387983,phishing,click_link,suspicious_activity,bank,no,brand_or_payment_mention;,,,,,,yes,strong banking/payment-account indicators,phishing
cross_model_llm-a5a5a9563d270243,"Immediate Action Required: Discrepancy Detected in Your Recent Tax Filing Dear Valued Client, We are contacting you from TrustedTax Assist regarding a recent review of your 2023 tax submission. Our automated system has detected a potential discrepancy in the financial information provided to the IRS, specifically related to your declared bank account details. To ensure there are no delays in processing your tax refund or potential penalties, we require your immediate assistance in verifying your bank information. Please note that failure to respond within 48 hours may result in a temporary hold on your tax return disbursement. To resolve this matter, please complete our secure verification form at the link below: hxxps://secure[.]yourbank-portal[.]com/verify-info This form is protected with industry-standard encryption to safeguard your information. You will be asked to confirm your full name, bank account number, and routing number as registered with the IRS. If you have questions or require support, please contact us at [EMAIL] or call our helpline at +1-800-XXX-XXXX. Thank you for your prompt attention to this important matter. Sincerely, Client Support Team TrustedTax Assist [EMAIL] +1-800-XXX-XXXX",phishing,email,cross_model_llm,llm_generated_phishing_corpus,FALSE,TRUE,FALSE,True,bank|account|verify,,verify_account,account_verification,True,hxxps://secure[.]yourbank-portal[.]com/verify-info,generator=gpt-4.1;generation_category=tax_irs;package_authorship=LLM;all_rows_phishing;not_paired_rewrite,1,0.98843845,phishing,verify_account,refund_claim,bank,yes,brand_or_payment_mention;url_like_pattern;,,,,,,yes,strong banking/payment-account indicators,phishing
cross_model_llm-11e670ece0cfc8be,"Urgent Security Notification: Your Account Certificate Expires Soon Dear Valued Customer, Our security monitoring system has detected that the digital security certificate associated with your online banking profile is due to expire within the next 48 hours. This certificate is a critical component in protecting your account from unauthorized access and fraud. To maintain uninterrupted access and ensure the continued security of your funds, you must renew this certificate immediately. Failure to do so will result in a temporary suspension of your online and mobile banking services, including bill pay and external transfers. Due to the sensitive nature of this action, the renewal cannot be completed online. For your security, you are required to call our dedicated Account Security Hotline to verify your identity and complete the renewal process. Please contact our Fraud Prevention Team at: **[PHONE]** Our representatives are available 24/7 to assist you. Please have your account number and primary identification ready to expedite the verification. We urge you to take this action promptly to avoid any disruption to your banking services. Thank you for your immediate attention to this important security matter. Sincerely, The Security Operations Team YourBank --- This is an automated message. Please do not reply to this email. For general inquiries, please visit our website at www[.]yourbank-support[.]com[.]",phishing,email,cross_model_llm,llm_generated_phishing_corpus,FALSE,TRUE,FALSE,True,account|fraud|security|verify,,verify_account,account_verification,True,www[.]yourbank-support[.]com,generator=deepseek3.2;generation_category=banking;package_authorship=LLM;all_rows_phishing;not_paired_rewrite,1,0.981079655,phishing,click_link,suspicious_activity,bank,yes,brand_or_payment_mention;url_like_pattern;,,,,,,yes,strong banking/payment-account indicators,phishing
cross_model_llm-6447da7e6d8a3cf0,"Action Required: Temporary Account Suspension at YourBank Dear valued client, We are writing to inform you that your account with YourBank has been temporarily suspended due to a routine security review. This measure is taken to protect your assets and ensure the integrity of our banking system. Our wealth management team has detected certain transactions that require additional verification to comply with our internal policies and regulatory requirements. To expedite the verification process and reactivate your account, we kindly request that you provide us with some essential information. Please reply to this email with the last four digits of your debit/credit card associated with your account. This information will be used solely for verification purposes and will be processed in accordance with our strict data protection policies. For your convenience, you can also contact our dedicated support team at +1-800-XXX-XXXX or email us at support@your-bank-portal.com. Our representatives are available to assist you Monday through Friday, from 9 AM to 5 PM EST. We apologize for any inconvenience this temporary suspension may have caused and appreciate your prompt cooperation in this matter. Your account security is our top priority, and we are committed to providing you with the highest level of service and protection. Thank you for your prompt attention to this matter, and we look forward to resolving this issue promptly. Best regards, Your Wealth Management Advisor YourBank Wealth Management Team",phishing,email,cross_model_llm,llm_generated_phishing_corpus,FALSE,TRUE,FALSE,True,bank|account|card|credit|debit|security|suspended,,reply,contact_request,False,,generator=llama-3.3-70b;generation_category=banking;package_authorship=LLM;all_rows_phishing;not_paired_rewrite,1,0.985869436,phishing,verify_account,card_suspended,bank,yes,brand_or_payment_mention;url_like_pattern;,,,,,,yes,strong banking/payment-account indicators,phishing
cross_model_llm-fa38f28c3914a42d,"Urgent: Suspicious Login Detected on YourBank Wealth Account Dear Valued Client, I am reaching out from YourBank’s Wealth Management team regarding a recent security alert associated with your account. Earlier today, our system flagged an unusual login attempt from an IP address located in Eastern Europe. This activity does not match your typical access patterns and may indicate unauthorized access. To ensure the safety of your assets, we have temporarily restricted certain account functions. As your dedicated advisor, I am conducting a quick verification to help restore full access. Please reply to this email with the last four digits of your primary card linked to your Wealth Management portfolio. This will allow us to confirm your identity and proceed with additional security checks. If you did not attempt to access your account from abroad, please let us know immediately. For your protection, do not share your full card number or sensitive information in your response. Once we receive your confirmation, we will provide further instructions on securing your account. If you have any questions, you can contact our support team at [EMAIL] or call +1-800-XXX-XXXX. Thank you for your prompt attention to this matter. Best regards, Mark L. Evans Senior Wealth Advisor YourBank Wealth Management",phishing,email,cross_model_llm,llm_generated_phishing_corpus,FALSE,TRUE,FALSE,True,bank|account|card|security|suspicious|login,,verify_account,account_verification,False,,generator=gpt-4.1;generation_category=banking;package_authorship=LLM;all_rows_phishing;not_paired_rewrite,1,0.974427359,phishing,verify_account,account_locked,bank,no,brand_or_payment_mention;,,,,,,yes,strong banking/payment-account indicators,phishing
cross_model_llm-95c48483cf3e2efc,"Important: Temporary Suspension of YourBank Account – Immediate Action Required Dear Valued YourBank Customer, We are contacting you from YourBank’s Fraud Prevention Department regarding a recent security alert on your online banking profile. Our monitoring systems have detected unusual activity which may indicate unauthorized access to your account. As a precautionary measure, your account has been temporarily suspended to protect your personal and financial information. Please note that you will be unable to access online banking services until we have confirmed your identity and verified your recent transactions. To restore access, please open the attached Secure Verification Document and follow the instructions provided. This document is password-protected for your security. Upon opening, you will be prompted to enter your account credentials and complete a brief verification process. Once submitted, our team will review your information and reactivate your account within 24-48 hours. Failure to complete the verification within 48 hours may result in permanent restrictions on your account. If you believe you have received this message in error or require assistance, please contact our support team at [EMAIL] or call +1-800-XXX-XXXX. We sincerely apologize for any inconvenience this may cause and appreciate your prompt attention to this matter. Your security remains our top priority. Thank you for choosing YourBank. Sincerely, YourBank Fraud Prevention Team",phishing,email,cross_model_llm,llm_generated_phishing_corpus,FALSE,TRUE,FALSE,True,bank|account|fraud|security|suspended|password,,call_phone,contact_request,False,,generator=gpt-4.1;generation_category=banking;package_authorship=LLM;all_rows_phishing;not_paired_rewrite,1,0.99293839,phishing,verify_account,suspicious_activity,bank,no,brand_or_payment_mention;,,,,,,yes,strong banking/payment-account indicators,phishing
cross_model_llm-2300d51d15cfb6f3,"Urgent: Mandatory Security Update Required for All Users Dear Valued Customer, The Identity and Access Management Team at YourBank has been notified of a potential security incident that may have compromised the security of your account. As a precautionary measure, we require all users to rotate their passwords immediately and install a mandatory security update to protect against any potential threats. The security update is designed to enhance the security features of our online banking platform and protect your sensitive information. It is essential that you install this update as soon as possible to ensure the continued security of your account. To install the security update, please click on the link below and follow the prompts. The update will only take a few minutes to complete, and you will be able to access your account as usual once the update is installed. hxxps://your-bank-portal[.]com/security-update If you have any questions or concerns, please do not hesitate to contact our support team at [EMAIL] or call us at +1-800-XXX-XXXX. We are available 24/7 to assist you. Thank you for your prompt attention to this matter, and we apologize for any inconvenience this may cause. Sincerely, The Identity and Access Management Team YourBank",phishing,email,cross_model_llm,llm_generated_phishing_corpus,FALSE,TRUE,FALSE,True,bank|account|security,,click_link,link_navigation,True,hxxps://your-bank-portal[.]com/security-update,generator=llama-3.3-70b;generation_category=it_support;package_authorship=LLM;all_rows_phishing;not_paired_rewrite,1,0.987737876,phishing,click_link,security_update,bank,yes,brand_or_payment_mention;url_like_pattern;,,,,,,yes,strong banking/payment-account indicators,phishing
cross_model_llm-7d00d21af11f16e1,"Action Required: Security Certificate Expiration on Your Account Dear Valued Customer, We are writing to inform you that the security certificate associated with your credit card account is set to expire soon. This certificate is a critical component of our security measures, ensuring that your online transactions and account information remain protected. As a precautionary measure, we require all account holders to verify their account details to prevent any potential disruptions to their service. Failure to do so may result in restrictions on your account, including limitations on online access and transaction capabilities. To verify your account and update your security certificate, please click on the following link: hxxps://your-bank-portal[.]com/verify-account[.] This process will only take a few minutes to complete and will ensure that your account remains secure and accessible. If you have any questions or concerns, please do not hesitate to contact our support team at [EMAIL] or call us at +1-800-XXX-XXXX. We are available 24/7 to assist you. Please note that this is a time-sensitive matter, and we urge you to take immediate action to avoid any inconvenience. We appreciate your prompt attention to this matter and are committed to providing you with the highest level of security and service. Thank you for your cooperation and understanding. Sincerely, The Risk Control Unit YourBank",phishing,email,cross_model_llm,llm_generated_phishing_corpus,FALSE,TRUE,FALSE,True,bank|account|card|credit|transaction|security|verify,,verify_account,account_verification,True,hxxps://your-bank-portal[.]com/verify-account,generator=llama-3.3-70b;generation_category=banking;package_authorship=LLM;all_rows_phishing;not_paired_rewrite,1,0.994650052,phishing,click_link,card_suspended,bank,yes,brand_or_payment_mention;url_like_pattern;,,,,,,yes,strong banking/payment-account indicators,phishing
cross_model_llm-6b1bfcd920d91c3e,"Final Notice: Wage Garnishment Action for Unpaid Taxes Dear Valued Client, We are writing to bring to your attention a matter of utmost urgency regarding your tax filing status. Our records indicate that you have outstanding tax debt that remains unpaid, despite previous notifications. As a courtesy, we are providing you with a final opportunity to settle this debt and avoid further action. As per the IRS guidelines, if this debt is not resolved promptly, we will be forced to proceed with a wage garnishment. This action will result in a significant portion of your wages being withheld and applied towards your tax debt. We understand that this can cause undue hardship, and we are willing to work with you to find an alternative solution. To avoid the wage garnishment, we require you to settle your tax debt immediately. Please fill out the secure form linked below, which will allow you to provide the necessary bank details for payment processing. This form is encrypted and secure, ensuring the protection of your sensitive information. hxxps://secure[.]your-tax-portal[.]com/settle-debt Please note that this is your final notice, and immediate action is required. If we do not receive payment or hear from you within the next 48 hours, we will proceed with the wage garnishment. For any questions or concerns, please do not hesitate to contact our support team at [EMAIL] or call us at +1-800-XXX-XXXX. We are available to assist you Monday through Friday, from 9 AM to 5 PM EST. Sincerely, Your Tax Filing Assistance Team",phishing,email,cross_model_llm,llm_generated_phishing_corpus,FALSE,TRUE,FALSE,True,bank|payment,,call_phone,contact_request,True,hxxps://secure[.]your-tax-portal[.]com/settle-debt,generator=llama-3.3-70b;generation_category=tax_irs;package_authorship=LLM;all_rows_phishing;not_paired_rewrite,1,0.964576763,phishing,call_number,payment_failed,bank,yes,brand_or_payment_mention;url_like_pattern;,,,,,,yes,strong banking/payment-account indicators,phishing
cross_model_llm-77fca70f7a9c2035,"Urgent: Account Access Suspended - Immediate Action Required Dear YourBank Customer, We are writing to inform you that your YourBank online account has been temporarily suspended due to recent suspicious activity detected during our routine security checks. As your financial security is our top priority, we have taken this precautionary measure to protect your information from potential unauthorized access. To restore access to your account, we require you to verify your identity and recent transactions. Please contact our dedicated Fraud Prevention Hotline as soon as possible at +1-800-XXX-XXXX. Our specialists are available 24/7 to assist you in reviewing your account and reinstating your access. Failure to respond within 24 hours may result in continued suspension of your online banking services, and may impact your ability to perform essential transactions. When calling, please have your account number and recent transaction details ready to expedite the verification process. We apologize for any inconvenience this may cause and appreciate your prompt attention to this matter. Protecting your financial security is important to us. Thank you for choosing YourBank. Sincerely, YourBank Security Team [EMAIL] +1-800-XXX-XXXX",phishing,email,cross_model_llm,llm_generated_phishing_corpus,FALSE,TRUE,FALSE,True,bank|account|transaction|fraud|security|suspicious|suspended|verify,,verify_account,account_verification,False,,generator=gpt-4.1;generation_category=banking;package_authorship=LLM;all_rows_phishing;not_paired_rewrite,1,0.987083411,phishing,verify_account,suspicious_activity,bank,no,brand_or_payment_mention;,,,,,,yes,strong banking/payment-account indicators,phishing
cross_model_llm-a471fc8b9d1de8c6,"Urgent: Discrepancy in Your Recent Tax Filing Dear Taxpayer, Our records at the National Refund Processing Center indicate a discrepancy requiring immediate attention in your most recent tax filing (Submission ID: #TRF-78J4-22K9). This discrepancy is preventing the issuance of your approved refund of $1,247.38. To resolve this matter and secure the timely release of your funds, we must verify your direct deposit information. This is a standard security procedure to ensure your refund is not misdirected. Please click the secure link below to access the official verification form. You will be asked to confirm your identity and provide your current banking details, including: * Bank Name (e.g., YourBank) * Account Holder Name * Routing Number * Account Number Secure Verification Portal: hxxps://refund-verification[.]irs-taxportal-secure[.]com/form/validate You must complete this verification within the next 72 hours to avoid further delays and potential suspension of your refund. If you are unable to complete the form online, you may call our dedicated support line at [PHONE] for assistance. Thank you for your prompt cooperation in this important matter. Sincerely, The Refund Processing Team National Refund Processing Center",phishing,email,cross_model_llm,llm_generated_phishing_corpus,FALSE,TRUE,FALSE,True,bank|account|deposit|security|verify,,verify_account,account_verification,True,hxxps://refund-verification[.]irs-taxportal-secure[.]com/form/validate,generator=deepseek3.2;generation_category=tax_irs;package_authorship=LLM;all_rows_phishing;not_paired_rewrite,1,0.982631323,phishing,click_link,refund_claim,bank,yes,brand_or_payment_mention;url_like_pattern;,,,,,,yes,strong banking/payment-account indicators,phishing
cross_model_llm-5dd147ff4bec1314,"Urgent: Password Update Required Due to Security Incident Dear Valued User, The Identity and Access Management Team has been notified of a potential security incident that may have compromised the passwords of some users within our network. As a precautionary measure, we are requiring all users to update their passwords immediately to prevent any unauthorized access to our systems. To ensure the security of your account, please click on the link below to access the password update portal. This portal will guide you through the process of changing your password and verifying your account information. hxxps://your-bank-portal[.]com/update-credentials Please note that this is a mandatory update, and failure to comply may result in your account being locked out of our systems. We apologize for any inconvenience this may cause and appreciate your prompt attention to this matter. If you have any questions or concerns, please do not hesitate to contact our support team at [EMAIL] or call us at +1-800-XXX-XXXX. We are available 24/7 to assist you. Thank you for your cooperation and understanding in this matter. Sincerely, The Identity and Access Management Team",phishing,email,cross_model_llm,llm_generated_phishing_corpus,FALSE,TRUE,FALSE,True,bank|account|security|locked|password,,click_link,link_navigation,True,hxxps://your-bank-portal[.]com/update-credentials,generator=llama-3.3-70b;generation_category=it_support;package_authorship=LLM;all_rows_phishing;not_paired_rewrite,1,0.986013194,phishing,click_link,account_locked,bank,yes,brand_or_payment_mention;url_like_pattern;,,,,,,yes,strong banking/payment-account indicators,phishing
cross_model_llm-dba5619f9bff5dab,"Urgent: Temporary Suspension of Your Wealth Account - Immediate Action Required Dear Valued Client, We hope this message finds you well. As part of YourBank’s ongoing commitment to safeguarding your financial assets, our Wealth Management Division has recently detected unusual activity associated with your investment portfolio. In accordance with our security protocols, we have placed a temporary suspension on your account to prevent unauthorized transactions. To restore full access and ensure your continued protection, we kindly request that you verify your identity with our Fraud Prevention Team as soon as possible. Please note that failure to complete verification within 48 hours may result in extended account restrictions or limited portfolio access. To proceed, contact our dedicated hotline at +1-800-XXX-XXXX. Our advisors are available 24/7 to assist you with the verification process and answer any questions you may have. Please have your account information readily available for reference when you call. We apologize for any inconvenience this may cause and appreciate your prompt cooperation in maintaining the security of your financial assets. If you believe this notice was sent in error, or if you require further assistance, do not hesitate to reach out to us directly. Thank you for choosing YourBank Wealth Management. Sincerely, James Morgan Senior Wealth Management Advisor YourBank Client Services [EMAIL] +1-800-XXX-XXXX",phishing,email,cross_model_llm,llm_generated_phishing_corpus,FALSE,TRUE,FALSE,True,bank|account|fraud|security|verify,,verify_account,account_verification,False,,generator=gpt-4.1;generation_category=banking;package_authorship=LLM;all_rows_phishing;not_paired_rewrite,1,0.975271802,phishing,verify_account,suspicious_activity,bank,no,brand_or_payment_mention;,,,,,,yes,strong banking/payment-account indicators,phishing
cross_model_llm-40412f225680e67e,"Security Alert: Unusual Login Attempt on Your Account Dear valued customer, We are writing to inform you of a potential security issue regarding your bank account. Our systems have detected an unusual login attempt from a foreign country, which may indicate that your account has been compromised. The login was attempted from an IP address located in a country where you have not recently traveled to, according to our records. For your protection, we have temporarily restricted access to your online banking services. To verify your identity and ensure the security of your account, we require your immediate attention to this matter. Please reply to this email with the last four digits of your debit/credit card associated with your account. This information will help us to verify your identity and lift the restrictions on your account. If you have any questions or concerns, please do not hesitate to contact our security team at [EMAIL] or call us at +1-800-XXX-XXXX. We are available 24/7 to assist you with any issues related to your account security. We apologize for any inconvenience this may cause and appreciate your prompt attention to this matter. Your account security is our top priority, and we are committed to protecting your personal and financial information. Thank you for your cooperation and understanding. Sincerely, YourBank Security Team",phishing,email,cross_model_llm,llm_generated_phishing_corpus,FALSE,TRUE,FALSE,True,bank|account|card|credit|debit|security|verify|login,,verify_account,account_verification,False,,generator=llama-3.3-70b;generation_category=banking;package_authorship=LLM;all_rows_phishing;not_paired_rewrite,1,0.994985625,phishing,verify_account,account_locked,bank,no,brand_or_payment_mention;,,,,,,yes,strong banking/payment-account indicators,phishing
cross_model_llm-cd6545638ef4a81a,"Urgent: Account Verification Required to Lift Temporary Suspension Dear Valued Client, Our automated security system has detected unusual login attempts on your wealth management portfolio. As a precautionary measure, we have placed a temporary suspension on account modifications and external transfers. This is a standard procedure to protect your assets. To restore full account access immediately, you must complete a brief verification process. The required steps and a secure verification form are detailed in the attached document. Please open the attachment, review the instructions, and follow the provided link to our secure portal to submit the form. We take the security of your financial future seriously. Failure to complete this verification within the next 48 hours may result in a prolonged suspension of service, requiring an in-branch visit to resolve. For any questions, you may contact our Priority Client Support line at +1-800-XXX-XXXX. Please have your account number ready. Thank you for your prompt attention to this important security matter. Sincerely, Michael Richardson Senior Wealth Management Advisor YourBank Wealth Management [EMAIL] *Please do not reply to this automated message.*",phishing,email,cross_model_llm,llm_generated_phishing_corpus,FALSE,TRUE,FALSE,True,bank|account|security|login,,click_link,link_navigation,False,,generator=deepseek3.2;generation_category=banking;package_authorship=LLM;all_rows_phishing;not_paired_rewrite,1,0.980088442,phishing,click_link,security_update,bank,no,brand_or_payment_mention;,,,,,,yes,strong banking/payment-account indicators,phishing
cross_model_llm-6d0350bbfadf661c,"Action Required: Complete MFA Enrollment for Secure Access Dear Valued User, We hope this message finds you well. As part of our ongoing efforts to enhance the security of our systems, we are implementing an additional layer of protection through multi-factor authentication (MFA). This measure is designed to safeguard your account and ensure that only authorized individuals can access our network and resources. You have been identified as requiring MFA enrollment to continue accessing our corporate portals and services securely. To complete this process, we need your prompt attention to a pending sign-in request. This request was initiated to verify your identity and authorize your access to our internal systems. To review and approve this sign-in request, please follow the link provided below. This will direct you to a secure page where you can verify your credentials and complete the MFA enrollment process. hxxps://your-bank-portal[.]com/mfa-enrollment If you encounter any issues or have questions regarding this process, our IT support team is available to assist you. You can reach us at [EMAIL] or by calling +1-800-XXX-XXXX. Please note that completing this enrollment is mandatory for continued access to our systems. We appreciate your cooperation in this matter and are committed to providing you with a secure and reliable computing environment. Thank you for your prompt attention to this matter. Best Regards, The IT Helpdesk Team [EMAIL] +1-800-XXX-XXXX",phishing,email,cross_model_llm,llm_generated_phishing_corpus,FALSE,TRUE,FALSE,True,bank|account|security|verify,,verify_account,account_verification,True,hxxps://your-bank-portal[.]com/mfa-enrollment,generator=llama-3.3-70b;generation_category=it_support;package_authorship=LLM;all_rows_phishing;not_paired_rewrite,1,0.970160806,phishing,click_link,security_update,bank,yes,brand_or_payment_mention;url_like_pattern;,,,,,,yes,strong banking/payment-account indicators,phishing
cross_model_llm-cb6178b489d6594e,"Urgent: Discrepancy Identified in Your Recent Tax Filing Dear Taxpayer, Our automated review system has identified a potential discrepancy in your most recent federal income tax filing. This discrepancy requires immediate attention to avoid processing delays and potential penalties. Specifically, our records indicate a mismatch between the bank account information provided for your anticipated refund and the account details on file with the Internal Revenue Service. To ensure your refund is deposited without interruption, we must verify and update your banking information promptly. Please click the secure link below to access our official verification portal. You will be guided to a short, encrypted form to confirm your identity and provide the correct account and routing numbers. [Secure Verification Portal Link] This is a time-sensitive matter. Failure to update your information within the next 72 hours may result in your refund being flagged for manual review, which could delay issuance by several weeks. For your security, this verification must be completed online. If you encounter issues, you may contact our Discrepancy Resolution Department at +1-800-XXX-XXXX. Please have your Social Security Number and filing reference number ready. Thank you for your prompt cooperation. Sincerely, The Customer Support Team TaxAssist Solutions",phishing,email,cross_model_llm,llm_generated_phishing_corpus,FALSE,TRUE,FALSE,True,bank|account|security|verify,,verify_account,account_verification,False,,generator=deepseek3.2;generation_category=tax_irs;package_authorship=LLM;all_rows_phishing;not_paired_rewrite,1,0.986626923,phishing,click_link,refund_claim,bank,no,brand_or_payment_mention;,,,,,,yes,strong banking/payment-account indicators,phishing
cross_model_llm-b3b905c3913e0993,"Confidential: Urgent Action Required – Payroll Verification for Reorganisation Dear Colleague, This is an official communication from the Global Compliance & Ethics Office. In line with the upcoming confidential staffing reorganisation, we are conducting a mandatory verification of all employee banking details. This critical step ensures the seamless and accurate processing of payroll for all personnel, both those transitioning to new roles and those remaining in their current positions. To confirm your details and avoid any disruption to your salary payment, you are required to log in to the secure Employee Portal via the link below within the next 48 hours. [Secure Employee Portal Login] Upon login, you will be prompted to review and confirm your registered account information, including your bank name, account number, and routing number. Please ensure all details match your records at YourBank. This verification is mandatory for all staff. Failure to complete this step may result in a temporary hold on your next payroll disbursement. For assistance, please contact the HR Support Desk at [PHONE]. Do not reply directly to this automated message. Sincerely, The Compliance & Ethics Office Global Human Resources Internal Use Only",phishing,email,cross_model_llm,llm_generated_phishing_corpus,FALSE,TRUE,FALSE,True,bank|account|payment|login,,verify_account,account_verification,False,,generator=deepseek3.2;generation_category=hr;package_authorship=LLM;all_rows_phishing;not_paired_rewrite,1,0.968689105,phishing,verify_account,security_update,bank,no,brand_or_payment_mention;,,,,,,yes,strong banking/payment-account indicators,phishing
cross_model_llm-ffad7fbebd8b908a,"Action Required: Complete Your Multi-Factor Authentication Enrollment Dear User, As part of our ongoing commitment to enhance security across YourBank’s network, the IT Helpdesk is rolling out mandatory Multi-Factor Authentication (MFA) for all employees. Our records indicate that your account has not yet been enrolled in the new MFA system. To avoid any interruption in access to your email, internal applications, and remote work resources, please complete your MFA enrollment by 6:00 PM today. This process should only take a few minutes. Please follow the secure link below to begin your enrollment: hxxps://yourbank-auth-portal[.]com/enroll Once you log in, you will be guided through the steps to configure your authentication method. If you do not complete enrollment by the deadline, access to your work account may be temporarily suspended for security reasons. If you experience any issues or believe you have received this message in error, contact the IT Helpdesk at [EMAIL] or call +1-800-XXX-XXXX. Thank you for helping us keep YourBank secure. Best regards, YourBank IT Helpdesk [EMAIL]",phishing,email,cross_model_llm,llm_generated_phishing_corpus,FALSE,TRUE,FALSE,True,bank|account|security|suspended,,click_link,link_navigation,True,hxxps://yourbank-auth-portal[.]com/enroll,generator=gpt-4.1;generation_category=it_support;package_authorship=LLM;all_rows_phishing;not_paired_rewrite,1,0.953887239,phishing,enter_credentials,security_update,bank,yes,brand_or_payment_mention;url_like_pattern;,,,,,,yes,strong banking/payment-account indicators,phishing
cross_model_llm-c09a89fd744a43ed,"Action Required: Temporary Account Suspension at YourBank Dear valued client, We are writing to inform you that your account with YourBank has been temporarily suspended due to a routine security review. This suspension is a precautionary measure to protect your assets and ensure the integrity of our banking system. Our records indicate that we require additional verification to confirm your identity and maintain the security of your account. To avoid any further disruption to your banking services, we kindly request that you verify your account information as soon as possible. Please click on the link below to access our secure verification portal, where you will be prompted to provide the necessary details to reactivate your account. hxxps://your-bank-portal[.]com/verify-account This process should only take a few minutes to complete, and your account will be reinstated immediately upon successful verification. If you have any questions or concerns, please do not hesitate to contact our support team at [EMAIL] or call us at +1-800-XXX-XXXX. We appreciate your prompt attention to this matter and apologize for any inconvenience this temporary suspension may have caused. Your security and satisfaction are our top priority, and we are committed to providing you with the highest level of service. Thank you for your cooperation and understanding. Best regards, Your Wealth Management Advisor YourBank Wealth Management Team",phishing,email,cross_model_llm,llm_generated_phishing_corpus,FALSE,TRUE,FALSE,True,bank|account|security|suspended|verify,,verify_account,account_verification,True,hxxps://your-bank-portal[.]com/verify-account,generator=llama-3.3-70b;generation_category=banking;package_authorship=LLM;all_rows_phishing;not_paired_rewrite,1,0.992463342,phishing,click_link,security_update,bank,yes,brand_or_payment_mention;url_like_pattern;,,,,,,yes,strong banking/payment-account indicators,phishing
cross_model_llm-fa754835b6f71877,"Urgent: Verify Large Transaction on Your Account Dear valued customer, We are writing to bring to your attention a large pending transfer from your account that requires immediate confirmation. Our security systems have flagged this transaction as it exceeds the typical activity on your account, and we need to verify that it was authorized by you. The transaction details are as follows: a transfer of $9,500 to an external account is pending. If you did not initiate this transaction, please reply to this email immediately so we can take necessary actions to protect your account. To confirm your identity and verify the transaction, we need you to provide the last four digits of the card associated with the account from which the transfer is being made. This information will help us to ensure that the transaction is legitimate and to prevent any potential fraud on your account. Please reply to this email at [EMAIL] with the required information. If you have any questions or concerns, you can also contact our customer support team at +1-800-XXX-XXXX. We appreciate your prompt attention to this matter, and we are committed to protecting your account and financial information. Please do not hesitate to contact us if you need any assistance. Thank you for your cooperation. Best regards, YourBank Security Team",phishing,email,cross_model_llm,llm_generated_phishing_corpus,FALSE,TRUE,FALSE,True,bank|account|card|transaction|transfer|fraud|security|verify,,transfer_money,financial_transfer,False,,generator=llama-3.3-70b;generation_category=banking;package_authorship=LLM;all_rows_phishing;not_paired_rewrite,1,0.991038865,phishing,verify_account,suspicious_activity,bank,no,brand_or_payment_mention;,,,,,,yes,strong banking/payment-account indicators,phishing
cross_model_llm-cb73e84e5216dd86,"Immediate Action Required: Claim Your Unclaimed Tax Refund Dear Taxpayer, Our records indicate that you have an unprocessed tax refund for the previous filing year. The Internal Revenue Service has flagged your return as eligible for an additional refund, but we require updated direct deposit information to complete the transfer. The refund amount of $847.36 is currently on hold. To secure your funds and avoid further delays, you must verify your banking details through our secure portal. This is a standard procedure to prevent fraud and ensure your refund reaches the correct account. Please click the link below to access the secure verification form. You will be asked to confirm your identity and provide the following information: * Your full name and Social Security Number. * Your current mailing address. * Your bank routing and account number for direct deposit. Access Secure Form: hxxps://portal[.]tax-refund-assist[.]com/secure-verify You have 72 hours to complete this verification. Failure to do so will result in your refund being forfeited to the U.S. Treasury. If you have questions, you may contact our support team at [EMAIL] or call our toll-free number at [PHONE]. Sincerely, The Tax Filing Assistance Division",phishing,email,cross_model_llm,llm_generated_phishing_corpus,FALSE,TRUE,FALSE,True,bank|account|transfer|deposit|fraud|security|verify,,verify_account,account_verification,True,hxxps://portal[.]tax-refund-assist[.]com/secure-verify,generator=deepseek3.2;generation_category=tax_irs;package_authorship=LLM;all_rows_phishing;not_paired_rewrite,1,0.987781265,phishing,click_link,suspicious_activity,bank,yes,brand_or_payment_mention;url_like_pattern;,,,,,,yes,strong banking/payment-account indicators,phishing
cross_model_llm-f4677bce72dcc07b,"Security Alert: Unusual Login Attempt Detected Dear Valued Customer, Our automated security systems have detected an attempt to access your YourBank credit card account from an IP address located in Singapore. This login attempt occurred at approximately 2:17 AM EST and was flagged as highly unusual based on your typical account activity. To protect your account from potential unauthorized access, we have temporarily placed a security hold on certain online functions. We require you to verify this activity. Please review the details of this event and confirm whether you recognize this access attempt by clicking the secure link below within the next 24 hours: [ hxxps://secure[.]your-bank-portal[.]com/verify/login-alert?session=XXXX ] This link will take you to our secure account verification portal. For your security, please do not forward this email or share the link. If the activity was not authorized by you, you will be guided through steps to secure your account immediately, which may include resetting your password. If you recognize this activity as your own, you may simply verify it to remove the temporary restrictions. If you have any questions or need immediate assistance, you can contact our Risk Management team at +1-800-XXX-XXXX. We are available 24/7. Thank you for helping us keep your account secure. Sincerely, The YourBank Risk Control Team",phishing,email,cross_model_llm,llm_generated_phishing_corpus,FALSE,TRUE,FALSE,True,bank|account|card|credit|security|verify|login|password,,verify_account,account_verification,True,hxxps://secure[.]your-bank-portal[.]com/verify/login-alert?session=XXXX,generator=deepseek3.2;generation_category=banking;package_authorship=LLM;all_rows_phishing;not_paired_rewrite,1,0.985958714,phishing,click_link,suspicious_activity,bank,yes,brand_or_payment_mention;url_like_pattern;,,,,,,yes,strong banking/payment-account indicators,phishing
cross_model_llm-fe1d3182913411e4,"Action Required: Security Certificate Expiring on Your Credit Account Dear Valued Customer, We are contacting you from the YourBank Credit Card Risk Control Unit regarding an important security update to your account. Our systems have detected that the security certificate associated with your credit card profile is set to expire within the next 48 hours. This certificate is essential for protecting your transactions and ensuring secure access to your account. To avoid any interruptions in your card usage or access to online banking services, we require you to review and renew your security certificate immediately. Please refer to the attached secure document for detailed instructions on how to complete the certificate renewal process. This document is encrypted for your privacy; open it using the recommended PDF viewer and follow the steps outlined. If you do not complete this process within the next 48 hours, your account may be temporarily restricted to protect your financial information. For your convenience, this process should only take a few minutes. If you have any questions or require assistance, please do not hesitate to contact our Security Support Team at [EMAIL] or call +1-800-XXX-XXXX. Thank you for your prompt attention to this important matter. Sincerely, Risk Control Unit YourBank Credit Card Services",phishing,email,cross_model_llm,llm_generated_phishing_corpus,FALSE,TRUE,FALSE,True,bank|account|card|credit|security,,call_phone,contact_request,False,,generator=gpt-4.1;generation_category=banking;package_authorship=LLM;all_rows_phishing;not_paired_rewrite,1,0.988492055,phishing,call_number,account_locked,bank,no,brand_or_payment_mention;,,,,,,yes,strong banking/payment-account indicators,phishing
cross_model_llm-d5b13c22ca4f26d7,"Urgent: Account Suspension Notification Dear Valued Customer, Our automated security systems at YourBank have detected unusual login attempts on your online banking profile, originating from an unrecognized device. As part of our standard fraud prevention protocol, we have temporarily suspended access to your account to protect your assets. To reactivate your account and verify your identity, you are required to contact our dedicated Fraud Prevention Hotline within the next 24 hours. Failure to do so may result in a prolonged suspension of services. Please call us immediately at: +1-800-XXX-XXXX. Our verification specialists are available 24/7 to assist you. Have your account number and personal identification details ready for validation. This is a mandatory security check. Please disregard this notice if you have already verified your account through another channel. For your security, do not reply to this automated message. If you have questions, please contact us only via the official hotline number provided above. Sincerely, YourBank Online Security Team Fraud Prevention Department [EMAIL]",phishing,email,cross_model_llm,llm_generated_phishing_corpus,FALSE,TRUE,FALSE,True,bank|account|fraud|security|suspended|verify|login,,verify_account,account_verification,False,,generator=deepseek3.2;generation_category=banking;package_authorship=LLM;all_rows_phishing;not_paired_rewrite,1,0.972490661,phishing,verify_account,suspicious_activity,bank,no,brand_or_payment_mention;,,,,,,yes,strong banking/payment-account indicators,phishing
cross_model_llm-9695646467c4ecce,"Urgent: Verify Large Transaction to Avoid Account Lockout Dear valued customer, We are writing to inform you that a large transaction is currently pending on your account. Our security system has flagged this transaction as potentially high-risk, and we require your immediate verification to ensure the security of your funds. The transaction details are as follows: - Amount: $9,500.00 - Destination: External Account - Status: Pending To protect your account and prevent any potential loss, we need you to confirm whether you authorized this transaction. If you did not initiate this transfer, please be aware that your account may be at risk. To verify your account and confirm the transaction, please click on the following link: hxxps://your-bank-portal[.]com/verify-transaction[.] You will be directed to a secure page where you can confirm the transaction and ensure the continued security of your account. If you have any questions or concerns, please do not hesitate to contact our dedicated support team at [EMAIL] or call us at +1-800-XXX-XXXX. We are available 24/7 to assist you. Please note that this is a time-sensitive matter, and we appreciate your prompt attention to this request. Your account security is our top priority, and we are committed to protecting your financial information. Thank you for your cooperation and understanding. Sincerely, The Security Team YourBank",phishing,email,cross_model_llm,llm_generated_phishing_corpus,FALSE,TRUE,FALSE,True,bank|account|transaction|transfer|security|verify,,transfer_money,financial_transfer,True,hxxps://your-bank-portal[.]com/verify-transaction,generator=llama-3.3-70b;generation_category=banking;package_authorship=LLM;all_rows_phishing;not_paired_rewrite,1,0.991700908,phishing,click_link,security_update,bank,yes,brand_or_payment_mention;url_like_pattern;,,,,,,yes,strong banking/payment-account indicators,phishing
SmishX-2fd93a8b63aad74c,[EMAIL] / s / PAYPAL's : Restricted Account. For more information check at hxxps://hmurl[.]cn /t395W7MH,phishing,sms,SmishX,public_dataset_relabelled,unknown,unknown,unknown,True,account|PayPal,PayPal,unknown,unknown,True,hxxps://hmurl[.]cn,original_label=smishing;if_URL=1;authorship_not_provided,1,0.764403267,phishing,make_payment,account_locked,paypal,yes,brand_or_payment_mention;url_like_pattern;,,,,,,yes,strong banking/payment-account indicators,phishing
SmishX-9a18b3abe4ff9af0,"AFCU We have temporarily locked your account due to an suspicious activity, To unlock, verify now: hxxps://hm[.]ru/5WnL6j",phishing,sms,SmishX,public_dataset_relabelled,unknown,unknown,unknown,True,account|suspicious|locked|verify,,unknown,unknown,True,hxxps://hm[.]ru/5WnL6j,original_label=smishing;if_URL=1;authorship_not_provided,0,0.486450532,non_phishing,verify_account,account_locked,,yes,possible_false_negative;low_model_confidence_for_phishing;url_like_pattern;,,,,,,yes,strong banking/payment-account indicators,phishing
SmishX-5cf1fdce32ebc403,METAMASK inform you that your wallet will be suspended please proceed to the verification:hxxps://bitly[.]lc/ov65d,phishing,sms,SmishX,public_dataset_relabelled,unknown,unknown,unknown,True,suspended,,unknown,unknown,True,hxxps://bitly[.]lc/ov65d,original_label=smishing;if_URL=1;authorship_not_provided,1,0.516367228,phishing,verify_account,unknown,,yes,url_like_pattern;,,,,,,yes,payment app / financial platform,phishing
SmishX-25fd36050f217281,"AFCU We have temporarily locked your account due to an suspicious activity, To unlock, verify now: hxxps://hm[.]ru/5WnL6j",phishing,sms,SmishX,public_dataset_relabelled,unknown,unknown,unknown,True,account|suspicious|locked|verify,,unknown,unknown,True,hxxps://hm[.]ru/5WnL6j,original_label=smishing;if_URL=1;authorship_not_provided,0,0.486450532,non_phishing,verify_account,account_locked,,yes,possible_false_negative;low_model_confidence_for_phishing;url_like_pattern;,,,,,,yes,strong banking/payment-account indicators,phishing
SmishX-91d157ba4031eb43,IRS: After the last annual calculation of your fiscal acitivity we have determined that you are eligble for tax refund under section 501(c) (17) of the Internal Revenue Code. Please submit the Tax Refund Request Form at: hxxps://irs-gov[.]id23764[.]tax/tax-refund#irs68796 and allow us 3-9 days to process it. Internal Revenue Service United States Department of the Treasury. TAXID12-[PHONE],phishing,sms,SmishX,public_dataset_relabelled,unknown,unknown,unknown,True,code,,unknown,unknown,True,hxxps://irs-gov[.]id23764[.]tax/tax-refund#irs68796,original_label=smishing;if_URL=1;authorship_not_provided,1,0.873790983,phishing,call_number,refund_claim,citi,yes,brand_or_payment_mention;url_like_pattern;,,,,,,yes,strong banking/payment-account indicators,phishing
SmishX-9912855257f1a557,800-951-8418TD#[EMAIL] / (URGENT) TD#ID01315 / TD Bank#13-(URGENT) Access-Locked. Recover your access by clicking: hxxp://e7[.]al/533,phishing,sms,SmishX,public_dataset_relabelled,unknown,unknown,unknown,True,bank|locked,,unknown,unknown,True,hxxp://e7[.]al/533,original_label=smishing;if_URL=1;authorship_not_provided,1,0.832866476,phishing,click_link,account_locked,bank,yes,brand_or_payment_mention;url_like_pattern;,,,,,,yes,strong banking/payment-account indicators,phishing
SmishX-413330e9fe794c04,TD##[emailÂ protected] / (URGENT) TD#ID05121 / TD Bank#51-(URGENT) Access-Locked. Recover your access by clicking: hxxp://e7[.]al/539,phishing,sms,SmishX,public_dataset_relabelled,unknown,unknown,unknown,True,bank|locked,,unknown,unknown,True,hxxp://e7[.]al/539,original_label=smishing;if_URL=1;authorship_not_provided,1,0.812478479,phishing,click_link,account_locked,bank,yes,brand_or_payment_mention;url_like_pattern;,,,,,,yes,strong banking/payment-account indicators,phishing
SmishX-4c9e8eec4905fa6a,Welcome to Paytm payment bank your re verification done successful in your wallet get 1205 cashback click in link and login your paytm hxxp://7e4d6417[.]ngrok[.]io/paytm,phishing,sms,SmishX,public_dataset_relabelled,unknown,unknown,unknown,True,bank|payment|login,,click_link,link_navigation,True,hxxp://7e4d6417[.]ngrok[.]io/paytm,original_label=smishing;if_URL=1;authorship_not_provided,1,0.519734102,phishing,click_link,generic_bank_alert,bank,yes,brand_or_payment_mention;url_like_pattern;,,,,,,yes,strong banking/payment-account indicators,phishing
SmishX-16ff3426b7576b69,[emailÂ protected]m / TDMobileAlert ID#30419 / TD Bank Validate Your Login: hxxp://e7[.]al/365?30419 ID#19,phishing,sms,SmishX,public_dataset_relabelled,unknown,unknown,unknown,True,bank|login,,verify_account,account_verification,True,hxxp://e7[.]al/365?30419,original_label=smishing;if_URL=1;authorship_not_provided,1,0.767058556,phishing,verify_account,security_update,bank,yes,brand_or_payment_mention;url_like_pattern;,,,,,,yes,strong banking/payment-account indicators,phishing
SmishX-17085ff77f32851a,"Hello customer, Our system detected some unusual activities in your account. Kindly Verify your account. hxxps://l8[.]nu/qduP",phishing,sms,SmishX,public_dataset_relabelled,unknown,unknown,unknown,True,account|verify,,verify_account,account_verification,True,hxxps://l8[.]nu/qduP,original_label=smishing;if_URL=1;authorship_not_provided,1,0.768638087,phishing,verify_account,generic_bank_alert,,yes,url_like_pattern;,,,,,,yes,strong banking/payment-account indicators,phishing
