id,text,label,channel,source_dataset,source_type,is_human_written,is_ai_generated,is_ai_rewritten,is_banking_candidate,banking_keyword,brand_mentioned,requested_action,intent_type,has_url,url,notes,predicted_binary_label,phishing_probability,predicted_label,auto_requested_action,auto_intent_type,auto_brand_mentioned,auto_has_url_like_pattern,priority_reason,manual_banking_related,manual_requested_action,manual_intent_type,manual_brand_mentioned,manual_notes,strict_banking_related,strict_review_reason
cross_model_human-cb3f89dd97f449dd,"From Mrs. monica edmond >From Mrs. monica edmond PLOT 23 Felix Avenue Abidjan Cote d Ivoire. Hello Friend, Please excurse me if i have infringe into your privacy.this may be strange any way but i have no option but cry out . having gone through your profile i think i am convince you are the right fellow to confide this to. It is my pleasure to contact you for a business venture which I and my Son, intend to establish in your country. Though I have not met with you before but I believe, one has to risk confiding in someone to succeed sometimes in life. There is this amount of Eight million, five hundred thousand United State Dollars($8.500,000) which my late Husband deposited with a security company in Abidjan Capital city of Cote d'Ivoire which he wanted to used for his political reason in our Country before he was assassinated. Now I and my son have decided to invest these money in your country or anywhere safe enough outside Africa for security and political reasons. We want you to help us claim and receive the consignment which will be sent to you through diplomatic means to your address to avoid any traces of the funds and to enable you plan for the investment in your Country: I will like to invest part of the money into these three investment in your Country but, if there is any other business that is better than what I am suggestion, I will be very glad to follow your advice. 1). Real estate 2). The transport industry 3). Five star hotel If you can be of an assistance to us we will be pleased to offer to you 20% Of the total fund while the balance will be invested by you. I await your response soonest Respectfully yours, Mrs monica edmond _________________________________________________________________ Les révélations de la starac 6 commentées par Jérémy! hxxp://starac2006[.]spaces[.]live[.]com/",phishing,email,cross_model_human,human_phishing_corpus,TRUE,FALSE,FALSE,True,balance|security,,unknown,unknown,True,hxxp://starac2006[.]spaces[.]live[.]com/,upstream_source=Nigerian_Fraud;package_authorship=human;all_rows_phishing,1,0.941110705,phishing,unknown,security_update,,yes,url_like_pattern;,no,,,,,unsure,generic keyword only; needs human check
cross_model_human-f281a87bf8ccbe9e,"MUTUAL PARTNERSHIP. Dear Friend, The political unrest in my country (PHILIPPINES), necessitated this email, though this approach appears desperate, difficulties encountered in efforts to establish a business abroad also necessitate this search for someone to assist me in securing and investing the sum of USD18,000,000(Eighteen million dollars) deposited in my name abroad. By way of summarized profile of myself, I am Senator Luisa Estrada, a 66years old lady and the wife of Joseph Ejercito Estrada (former head of state and President of Philippines). >From past experiences, many people I had regarded as close friends and relatives has capitalize on my family's travail to run away with my money. In order to avert this negative development, I in conjunction with my son now seek your permission to allow us do a CHANGE OF OWNERSHIP/REASSIGNMENT OF CREDIT of stated funds from the holding company to your name, so that the funds (US$18million) would be released to you as the BENEFICIARY (on behalf of me and my family). Our family trustee have secretly protected the deposit, you are to assist us to lay claims of the funds with the aid of all legal documents that will be forwarded to you as time goes on. If you agree to help, we shall discuss the disbursement ratio in our next correspondence after we have been acquainted. I have decided to offer 20% of the above sum to you if you agree to assists us to secure these funds overseas or 30% share for possible help on investing in any reliable venture. No doubt this proposal will make you apprehensive, please I employ you to observe utmost privacy and rest assured that this transaction would be most profitable for both of us. PLEASE INDICATE YOUR INTEREST BY RESPONDING TO MY EMAIL ADDRESS. WITH THE FOLLOWING INFO. Your full name: Address: Your telephone/fax numbers: Company name (If any): Once I receive this information, my son will prepare the necessary documents that will put you in place as the new owner of the funds. The money will then be released to your custody by the security company. Awaiting your swift response via my private email: [EMAIL] Sincerely yours, Luisa Estrada. _________________________________________________________________ Gesendet mit Kuschelmail - www[.]blue-conn[.]de und www[.]blueconnchat[.]de",phishing,email,cross_model_human,human_phishing_corpus,TRUE,FALSE,FALSE,True,credit|transaction|deposit|security,,unknown,unknown,True,www[.]blue-conn[.]de|www[.]blueconnchat[.]de,upstream_source=Nigerian_Fraud;package_authorship=human;all_rows_phishing,1,0.968907786,phishing,call_number,security_update,,yes,url_like_pattern;,,,,,,unsure,generic keyword only; needs human check
cross_model_human-2bb759f165d9e9d4,monkey.org update Domain Security Update Domain: monkey.org To: [EMAIL] You are strongly advised to update your mail today to avoid being suspended from monkey.org database. Click here to update for freeThanks monkey.org,phishing,email,cross_model_human,human_phishing_corpus,TRUE,FALSE,FALSE,True,security|suspended,,unknown,unknown,False,,upstream_source=Nazario;package_authorship=human;all_rows_phishing,1,0.912848592,phishing,click_link,security_update,,yes,url_like_pattern;,,,,,,unsure,generic keyword only; needs human check
cross_model_human-4c2aa864a1a7dc3e,"Your are required to upgrade your Email Account Now Dear [EMAIL], We have have upgraded our servers from version 18.04 to Version 20.Your are required to upgrade your Email [EMAIL] to continue receiving incoming messages in your email server. Please upgrade your Email with the link below to avoid your Mailbox being deleted from our servers because all older version servers will be deleted after 24 hours. UPGRADE EMAIL SERVER HERE Failure to review your account may cause login interruption. monkey.org Copyright © 2022 All Rights Reserved.",phishing,email,cross_model_human,human_phishing_corpus,TRUE,FALSE,FALSE,True,account|login,,unknown,unknown,False,,upstream_source=Nazario;package_authorship=human;all_rows_phishing,1,0.938735153,phishing,enter_credentials,generic_bank_alert,,yes,url_like_pattern;,,,,,,no,strong non-banking category
cross_model_human-91ae268cc6fbc4e5,"for ; Tue, 11 Jul 2006 12:31:[PHONE] Received: from web1.vais.net [[PHONE]] by imail.vais.net with ESMTP (SMTPD32-8.15) id A2B32DE1122C; Tue, 03 Jul 2007 19:02:[PHONE] Received: from web1 ([[PHONE]]) by web1.vais.net with Microsoft SMTPSVC([PHONE]); Tue, 03 Jul 2007 19:02:[PHONE] thread-index: AcalB6fszzHQUzspRL2312QfUJjhJA== Thread-Topic: Attention Men, Get a larger penls in few months From: ""Dion L.Childs"" To: [EMAIL] Subject: Wouldn't it be nice to make the women drool at the size of your c0ck. Let us help you. Date: Tue, 03 Jul 2007 19:02:[PHONE] Message-ID: MIME-Version: 1.0 Content-Type: text/plain; charset=""iso-8859-1"" Content-Transfer-Encoding: 7bit X-Mailer: Microsoft CDO for Windows 2000 Content-Class: urn:content-classes:message Importance: normal Priority: normal X-MimeOLE: Produced By Microsoft MimeOLE V6.[PHONE] X-OriginalArrivalTime: Tue, 03 Jul 2007 19:02:[PHONE] (UTC) FILETIME=[A72016D0:01C6A507] X-PM: PerfectMail Anti-Spam & Anti-Virus Scanner (www[.]ouupsoftware[.]com) X-ClamAV: Scanned X-PM-RogueFiles: No dangerous Microsoft attachments found - OK(0, 0) X-PM-Scan: Mail Accepted Megasize your unit with Megadlk. A huge advancement in mens health. Just some of the benefits include: *No more finishing too soon. *Three+ lnches in size gain. *Better overall feeling of self. *Full, thick hardons..no more semls *More virility, desire. Best of all your mate will love you for it. Get started today hxxp://vlwazxahf[.]ghqd[.]net We have given you the 0ption to 0pt 0ff hxxp://ghqd[.]net/d[.]php",phishing,email,cross_model_human,human_phishing_corpus,TRUE,FALSE,FALSE,True,transfer,,unknown,unknown,True,www[.]ouupsoftware[.]com|hxxp://vlwazxahf[.]ghqd[.]net|hxxp://ghqd[.]net/d[.]php,upstream_source=TREC-07;package_authorship=human;all_rows_phishing,1,0.850233319,phishing,call_number,payment_failed,,yes,url_like_pattern;,,,,,,no,strong non-banking category
cross_model_human-41e13826c978b177,"BUSINESS PROPOSAL(PLEASE READ MY MAIL) Dear friend, I hope this meets you in good health. My name is Antonio Rodrigo a legal practitioner and Attorney to late Mr. Harley Grahams who died in the Madrid bomb Blast of March 11th, 2004 . My late client was an influential wealthy businessman, a British Contractor and a big time Oil dealer and the Principal owner of Oil Alliance Company and he left behind a substantial amount of millions of money with a Security and Finance company here in Madrid Spain . The total Amount in question is ( US$10,[PHONE]) Ten Million U.S. dollars only. However, I would like both of us to work together and pull this fund out from the security company where it is presently being held in trust for the deceased. Please, provide me with your direct confidential contact details in your reply to this email should you be interested in cooperating with me. I assure you of my utmost confidentiality and transparency in this transaction as you will be adequately rewarded. Please, kindly oblige me your confidential phone number in your reply to this email so that I can call first to speak with you as there are a lot of information that I can not divulge over the internet for security reasons. I will give you more details as soon as I received your reply urgently. Kindly send your swift reply with your direct phone number to my confidential email address below. Email; [EMAIL] [mailto:[EMAIL]] Yours truly, Antonio Rodrigo Madrid-Spain. Email; [EMAIL] [mailto:[EMAIL]] Der WEB.DE SmartSurfer hilft bis zu 70% Ihrer Onlinekosten zu sparen! *hxxp://smartsurfer[.]web[.]de/?mc=100071&distributionid=[PHONE]* [hxxp://smartsurfer[.]web[.]de/?mc=100071&distributionid=[PHONE]]",phishing,email,cross_model_human,human_phishing_corpus,TRUE,FALSE,FALSE,True,transaction|security,,call_phone,contact_request,True,hxxp://smartsurfer[.]web[.]de/?mc=100071&distributionid=[PHONE]*|hxxp://smartsurfer[.]web[.]de/?mc=100071&distributionid=[PHONE],upstream_source=Nigerian_Fraud;package_authorship=human;all_rows_phishing,1,0.970024783,phishing,call_number,security_update,,yes,url_like_pattern;,,,,,,no,strong non-banking category
cross_model_human-1a2175460691288d,"Great opportunity to give her a real pleasure hekb buqjkz ljtqu Po txw we sry rEn qf lar atm ge is the COM ozc PLETE VIR uv ILI ee TY for fm mula for men with all the benefits you want, but none of the negatives. The new Po bdj we iu rEn wu lar jt ge Pil lti ls form vh ula was created based on the research and expertise of our me mhx dic he al he cd rba sx list, G. Ande tqn rson, who has worked as a he tlj rba bkh list for over 40 years in Europe. With more input from recent cli bf nic uj al stu buo dies plus customer feedback, we refined the incredible formu fd la that YOU can have today.We understand that most customers need con mbd fident udo iality and respect every need of our clients. Secure onl bp ine or lrn deri is ng process, discreet pac plc king, security of your private information are gu sps arant ll eed.Fast EX ha PRE ujf SS Sh hb ipp pqk ing WorldWide. Click here!!! ... hxxp://clcmf[.]makecase[.]com/?aqhp",phishing,email,cross_model_human,human_phishing_corpus,TRUE,FALSE,FALSE,True,security,,unknown,unknown,True,hxxp://clcmf[.]makecase[.]com/?aqhp,upstream_source=CEAS_08;package_authorship=human;all_rows_phishing,1,0.842842713,phishing,click_link,payment_failed,,yes,url_like_pattern;,,,,,,unsure,generic keyword only; needs human check
cross_model_human-11971365f07def1c,"We are ready to give you a loan Your credit doesn't matter to us! If you OWN real estate and want IMMEDIATE cash to spend ANY way you like, or simply wish to LOWER your monthly payments by a third or more, here is the deal we can offer you TODAY (hurry, this offer will expire TONIGHT): $372,000+ loan AND EVEN MORE: After further review, our lenders have established the lowest monthly payments! Hurry, when this deal is gone, it is gone.. Simply fill out this one-minute form... Don't worry about approval, your credit will not disqualify you! hxxp://aiutdfiezneed[.]com/",phishing,email,cross_model_human,human_phishing_corpus,TRUE,FALSE,FALSE,True,credit,,unknown,unknown,True,hxxp://aiutdfiezneed[.]com/,upstream_source=TREC-07;package_authorship=human;all_rows_phishing,1,0.85892166,phishing,make_payment,generic_bank_alert,,yes,url_like_pattern;,,,,,,unsure,generic keyword only; needs human check
cross_model_human-4a716ad198c79eb7,"Work Online With eBay...find out more You registered to receive this and similar offers from on . Just released! - 44.3 billion earned on eBay in 2005! ""Turn Your Home Computer Into A Money Machine."" hxxp://sevtjmcpnx[.]supereducationcenter[.]com/t/l?h4-ptb-1-k7l-678d Your ideal WORK FROM H-O-M-E BUSINESS is only a click away. We teach you everything you need to know to make good money on eBay (and the other auction sites). CBS News recently spotlighted people who make a good living selling on eBay. You too can work from home. It's so simple - you sell any products you like including all of the thousands of name brand products supplied by resources we provide to you. hxxp://sevtjmcpnx[.]supereducationcenter[.]com/t/l?h4-ptb-2-k7l-678d BONUS - We will give you a $300 to starting bonus: Google Adwords $50 advertising credit Yahoo Overture- $50 advertising credit and much much more! Our proven system has helped thousands of people to earn money on eBay. Now it can be yours FREE. Click here for details: hxxp://sevtjmcpnx[.]supereducationcenter[.]com/t/l?h4-ptb-3-k7l-678d This ad is in full compliance with the U.S. Federal-Can-Spam-Act of 2003. If you no longer want promotions from this advertiser, go to: hxxp://sevtjmcpnx[.]supereducationcenter[.]com/t/l?h4-ptb-4-5lk-678d or write: Auction Monster - 16192 Coastal Highway - Lewes, DE 19958 678d If you no longer wish to receive these commercial emails, you may remove yourself from our mailing list by clicking here hxxp://sevtjmcpnx[.]supereducationcenter[.]com/remove?r[.]Devine[.]10-90ffc4f-6aac[.]speedy[.]uwaterloo[.]ca[.]-producttestpanel?r click here or by calling our unsubscribe hotline at [PHONE]. Please note this phone number is used solely for unsubscribe requests. Please allow up to five business days for your request to be processed. You may also contact us by writing to us at our postal address: Montague| 9600 Great Hills Trail, Suite 150 W| Austin, TX [PHONE] x262 3830 Forest Drive, Suite 207 Columbia , SC 29204 USA",phishing,email,cross_model_human,human_phishing_corpus,TRUE,FALSE,FALSE,True,credit,,call_phone,contact_request,True,hxxp://sevtjmcpnx[.]supereducationcenter[.]com/t/l?h4-ptb-1-k7l-678d|hxxp://sevtjmcpnx[.]supereducationcenter[.]com/t/l?h4-ptb-2-k7l-678d|hxxp://sevtjmcpnx[.]supereducationcenter[.]com/t/l?h4-ptb-3-k7l-678d|hxxp://sevtjmcpnx[.]supereducationcenter[.]com/t/l?h4-ptb-4-5lk-678d|hxxp://sevtjmcpnx[.]supereducationcenter[.]com/remove?r[.]Devine[.]10-90ffc4f-6aac[.]speedy[.]uwaterloo[.]ca[.]-producttestpanel?r,upstream_source=TREC-07;package_authorship=human;all_rows_phishing,1,0.919702443,phishing,click_link,invoice_or_payment,,yes,url_like_pattern;,,,,,,no,strong non-banking category
cross_model_human-f331f5ac3d4eacf2,"Your Progressive Quote Your Progressive Quote [IMAGE]=09 [IMAGE] BUY your policy online! PROGRESSIVE.COM [IMAGE] Thank you for completing a Progressive quote. When you're ready you can buy= your policy online or call [PHONE] to start your coverage immedia= tely. [IMAGE] Your 6 Month Progressive quote is: [IMAGE] If paid i= n full: $919.50 [IMAGE] Or by installment: $1,022.50 [IMAGE] Wit= h the following payment options: Quote [PHONE] [IMAGE] Name: campbell [IMAGE] Zip Code: 77031 4 Payments Down payment: $36= 7.78 3 payments: $[PHONE] Payments-EFT Required Down payment: $23= 3.86 3 payments: $[PHONE] payments: $195.44 Note: Payments include= an installment fee that can vary by payment method. In most payment opti= ons, you can reduce your installment fee by using our Electronic Funds Tran= sfer feature, which deducts installment payments directly from your checkin= g account. [IMAGE] 2 EASY WAYS TO BUY! [IMAGE] 1. Online Click Here to retrieve your quote and purchase your policy or modify your quote information. [IMAGE] [IMAGE] 2. Call toll free 1-877-PROG-COM sm ([PHONE] hours a day, 7 days a week, to speak with an auto insu= rance counselor. [IMAGE] Did You Know That Progressive... [IMAGE]= Is the 4th largest auto insurer in the U.S., insuring drivers since 19= 37. Has a fleet of Immediate Response claims vehicles that come to you to= settle your claim fast. Is accessible toll free, 24 hours, 7 days a week= Lets you view and update your policy information online anytime with P= ersonal Progressive View our Personal Progressive demo Is the #1 i= nsurer of motorcycles and a leading insurer of ATV's, RV's, boats, and per= sonal watercraft. Enjoy the convenience of insuring all your vehicles thro= ugh Progressive Is sold by more than 30,000 independent agents across th= e country? Click here to locate a Progressive authorized agent in your are= a. [IMAGE] [IMAGE] Coverage Information Drivers: Status: larry cam= pbell Yes Coverage Selections Bodily Injury and Property Damage L= iability coverage: $20,000 person/$40,000 accident/$15,000 property damage= (State Minimum) Uninsured/Underinsured Motorist Bodily Inju= ry (UM/UIMBI) coverage: No coverage Uninsured/Underinsured Motorists Pr= operty Damage (UM/UIMPD) coverage: No coverage Medical Payments coverag= e: No coverage Personal Injury Protection (PIP) coverage: No coverage= Uninsured/Underinsured Motorists Property Damage (UM/UIMPD) covera= ge: No coverage Comprehensive coverage: $500 Deductible Collision cov= erage: $500 Deductible Rental Reimbursement coverage: No coverage Tow= ing and Labor coverage: No coverage Add-on Equipment coverage: 0 Cli= ck here to view Progressive's privacy policy [IMAGE] Win A Cash Pri= ze! SurveyBegin the survey now! We are conducting a study among individu= als who have recently gotten an online quote. Your participation is greatl= y appreciated and will help improve Progressive's application. The survey i= s easy and should take between 1-3 minutes to complete. As a way of saying 'thank you' for participating, a drawing will be held in which three cash p= rizes of $100, $50 and $25 will be awarded from the pool of all properly co= mpleted surveys. [IMAGE] =09[IMAGE]=09",phishing,email,cross_model_human,human_phishing_corpus,TRUE,FALSE,FALSE,True,account|payment|code,,call_phone,contact_request,False,,upstream_source=enron_data_fraud_labeled;package_authorship=human;all_rows_phishing,1,0.819588132,phishing,click_link,payment_failed,"chase, boa",yes,brand_or_payment_mention;url_like_pattern;,,,,,,unsure,unclear
cross_model_human-4091c54e39e5d4ca,"Alert! Dear User, This is to inform you that on 22 February 2016, we updated our webmail display framework with the all new Display and Network EPM. We’ve temporarily limited what you can do with your email account as you are still using the old server. Update your email to gain full access to all the newly improved email features. Click on the link below to initiate the update process: hxxp://systemuqdatepanelpad0011[.]s0host[.]net/BE3/ITupdate_10_28_2015_en_US[.]ISO88591WebMailSupport[.]htm This is an automated email – Please do not reply. This mailbox is not monitored and you will not receive a response. -------------------------- ©Admin Support.",phishing,email,cross_model_human,human_phishing_corpus,TRUE,FALSE,FALSE,True,account,,click_link,link_navigation,True,hxxp://systemuqdatepanelpad0011[.]s0host[.]net/BE3/ITupdate_10_28_2015_en_US[.]ISO88591WebMailSupport[.]htm,upstream_source=Nazario;package_authorship=human;all_rows_phishing,1,0.944124621,phishing,click_link,security_update,,yes,url_like_pattern;,,,,,,no,strong non-banking category
cross_model_human-15656def2c4e312f,"=?UTF-8?B?4pyIIFRyYWNrIFlvdXIgU2hpcG1lbnQgLSBGZWRFeA==?= Enter your tracking number to track and pay Dear Customer, Your package has been returned to the FedEx office.The reason for the return is - payment of shipping costs. the landed cost of your shipment is not paid yet so you will be charged to pay handling cost 04.5 USD You have a period of 72 hours to recover your package, otherwise it will be returned to the sender. Enter your tracking number to track and payTracking Numbers : [PHONE] djdj Click here to view the status of your order fedex.com/apps/fedextrack/?action=track Thank You for understanding best regards",phishing,email,cross_model_human,human_phishing_corpus,TRUE,FALSE,FALSE,True,payment,,unknown,unknown,False,,upstream_source=Nazario;package_authorship=human;all_rows_phishing,1,0.792707172,phishing,click_link,generic_bank_alert,,yes,url_like_pattern;,,,,,,no,strong non-banking category
cross_model_human-e6c15609cd6e9aea,"Subscription Offer Subscription Offer Dear Chuck Randall: It's time to start your FREE subscription to Incentive magazine, your #1 source for solutions to your organization's motivation and performance challenges. To activate your free subscription, just click on the following hyperlink and complete the order form by Tuesday February 12, 2002. If you cannot link directly to the web site, simply cut and paste the address listed above into your web browser to your subscription. Or, you can print the form and fax it to [PHONE]. Each month, Incentive shares successful recognition strategies, provides case studies on incentive programs and consumer promotions, and introduces you to the hottest ideas in travel and merchandise awards. Learn more about the how's and why's that drive top-notch employee and sales force performance and discover incentive trends. Five times a year you will also receive a special supplement with in-depth information focusing on travel destinations, corporate gifts, people performance and more. Act now to begin your free subscription to this valuable resource. Sincerely, Mike Murrell Group Publisher [EMAIL] P.S. Respond by February 12, 2002 to activate your free subscription. _____________________________________ This message is brought to you as a valued subscriber to VNU Business Publications, USA. To remove your name from the list, please click here:",phishing,email,cross_model_human,human_phishing_corpus,TRUE,FALSE,FALSE,True,Discover,Discover,reply,contact_request,False,,upstream_source=enron_data_fraud_labeled;package_authorship=human;all_rows_phishing,1,0.828009275,phishing,click_link,unknown,discover,no,brand_or_payment_mention;,,,,,,no,strong non-banking category
cross_model_human-a05e0c03fa8fde88,"zPro Offer extended past Thanksgiving zPro Offer extended past Thanksgiving Dear Harry, I recently sent an announcement regarding our zPro Special Offer code TL1ED Because so many people are making special efforts to be with family this Thanksgiving in particular, we're extending the time period for the special zPro offer until November 28. In case you haven't already signed up, I encourage you to check out zPro's features at Call [PHONE] by November 28 and mention promo code TL1ED or email us at mailto:[EMAIL]?subject=TL1ED to take advantage of the extended time period for this special zPro offer. More than 25% of Fortune 500 companies use zPro for sending surveys and collecting results, because of features like Personalizing and branding your surveys by uploading images Downloading results into spreadsheet format Cross tabulating and comparing responses from one question to another Creating longer surveys Unlimited data storage You now have until November 28 to call [PHONE] or email us at mailto:[EMAIL]?subject=TL1ED to take advantage of this special offer. Sincerely, Dana Meade, Director of Product Management Zoomerang This message was sent to Harry Arora, a registered Zoomerang member that agreed to receive email notifications at harry.arora@enron.com. If you have received this email in error or do not wish to receive email updates from MarketTools regarding new products or promotions, please click on Thanks for being a Zoomerang Member!",phishing,email,cross_model_human,human_phishing_corpus,TRUE,FALSE,FALSE,True,code,,call_phone,contact_request,False,,upstream_source=enron_data_fraud_labeled;package_authorship=human;all_rows_phishing,1,0.88802487,phishing,click_link,unknown,,yes,url_like_pattern;,,,,,,no,strong non-banking category
cross_model_human-51d4750ccc9b01ba,"Greetings FROM: DR Andrew Godson GRAND FINANCE AND TRUST RUE CLUB DE L' AMITIE, 0251 B.P. 1625 COTONOU, BENIN REPUBLIC. TELEX: 5394 SWIFT: GRAFITR CTNOU PHONE# + [PHONE] Office email:[EMAIL] Dear Sir, Compliments Of The Day, Permit me to introduce myself to you. My name is DR Andrew Godson,a top Management Official of the above Finance Corporation in Cotonou, Benin Republic. I came to know about you in my private search for a reliable person/company to handle an important assingment on behalf of my Colleagues and myself. PROPOSITION: An Australian Engr Donald Pepper, a prosperous Oil/Gold merchant had in our Bank the sum of $28.5million in a domiciliary account. Unfortunately, he was killed in a ghastly motor accident in Benin Republic in 2001. Efforts had been made by the management of my bank through the Australian Embassy to contact any of the deceased children but to no avail. We later discovered that he had no children.Given the skeletal information available to the bank,it has so far been impossible to reach any of the relatives. The situation left for the Management is to declare the deceased account dormant and revert the funds to trading for interest to the Bank. In order to avoid this development, my Colleagues and I now seek your approval to have you stand as a distant relative to Engr Donald Pepper,so that the money would be released to you. All documents and proofs to enable you get the money will be carefully packaged once we receive your consent on this proposal.I shall apply for a leave as soon as the funds get into your reliable account to come to your country for sharing and investments which you will assist me in doing. May I assure you that this is safe and risk-free, as we have taken care of all necessary modalities to ensure a hitch-free movement. I have the authority of my partners involved in this assignment to propose that should you be willing to assist us in this,your share would be 25%. I have reposed my confidence in you and hope that you will not disappoint me. Best Regards, DR Andrew Godson. ................... ANDREW GODSON GRAND FINANCE AND TRUST BANK AUDIT AND ACCOUNT SECTION COTONOU,REPUBLIC DU BENIN [PHONE] ....................",phishing,email,cross_model_human,human_phishing_corpus,TRUE,FALSE,FALSE,True,bank|account,,call_phone,contact_request,False,,upstream_source=Nigerian_Fraud;package_authorship=human;all_rows_phishing,1,0.858315949,phishing,call_number,generic_bank_alert,"discover, bank",no,brand_or_payment_mention;,,,,,,unsure,unclear
cross_model_human-686f95fc64cd343d,"Account Removal Notification jose, An account removal request has been sent on your email [EMAIL] for breaking monkey.org ToS. Kindly click below to stop this process or your account will be suspended in 24hours . Stop Account Removal Sincerely, Powered by monkey.org Account Team.",phishing,email,cross_model_human,human_phishing_corpus,TRUE,FALSE,FALSE,True,account|suspended,,unknown,unknown,False,,upstream_source=Nazario;package_authorship=human;all_rows_phishing,1,0.933437344,phishing,click_link,generic_bank_alert,,yes,url_like_pattern;,,,,,,unsure,generic keyword only; needs human check
cross_model_human-c9a689076ffe62d5,"*100s of titles by Mlcrosoft5,AdobeV+More, DownIoad N0W at KevinSoft All Titles 0n Speclal on Apr 19 01:00:00 MSK 2007 MlCR0S0FT 0ffice 2OO7 79$ MlCR0S0FT Vlsta Business 79$ AD0BE Acrobat 8 PR0 79$ Wind0ws XP PR0 +SP2 49$ AD0BE Premiere 2.O 59$ Macromedia Studio 8 99$ 0ffice2OO3 w/Contact Mgr 69$ Quickbooks 2OO6 Premier 69$ MlCR0S0FT Money 2OO7 39$ AD0BE Photoshop CS2 9.O 69$ Autodesk Autocad 2OO7 129$ Corel Grafix Suite X3 59$ AD0BE Creative Suite CS2 149$ AD0BE Illustrator CS2 59$ MlCR0S0FT Office XP PR0 49$ Macromedia Dreamweaver 8 49$ McAfee Internet Sec. 7 29$ Norton Antivirus Corp. 29$ Mac software 49$ hxxp://bb[.]ektroem[.]com/?ZvbuF75952 [PHONE]. run on the device. The third item, dialup, is the default terminal can optimise it's operations (like head positioning) based on it's own set speed 19200 is the final way out of disaster and almost the same as hitting the Data transfer rate is XXX for the Parallel Port'' gives details. The boot message identifier for this drive is ""DEC TZ87 (C) DEC 9206"" Tapes should be retired from use after 5,000 backups. There is nothing that stops you from using differential stuff with 8. System maintenance and operation commands Finland ACD-2320 was disabled. I used the 'free configurable' option in the FreeBSD BUILT-[PHONE] (GR386) #0: Sat Apr 29 17:50:09 SAT 1995 o SLIP user's login ID controller and drive documentation to see if things match. settings that are stored in the non-volatile RAM. To see the true controller ahb0 at isa? bio irq 11 vector ahbintr 0xd2 read - supplied ``install.bat'' batch file or you can make a boot floppy with is a 34 pin flat cable edge connector that carries the command and lacking anyone to actually do the work. BSDI has also donated their 4.2.1. Why have a Ports Collection? generated from SGML input files. Creating backups of these HTML files manager. Kerberos realm. In this case the realm will be GRONDAR.ZA and the",phishing,email,cross_model_human,human_phishing_corpus,TRUE,FALSE,FALSE,True,transfer|login,,unknown,unknown,True,hxxp://bb[.]ektroem[.]com/?ZvbuF75952,upstream_source=TREC-07;package_authorship=human;all_rows_phishing,1,0.841002769,phishing,click_link,payment_failed,,yes,url_like_pattern;,,,,,,no,strong non-banking category
cross_model_human-98a4c1e7eeb249a9,"ACCOUNT VERIFICATION FOR YOUR MAILBOX [EMAIL] Customer ID: 4388901 Email Verification VERIFY YOUR EMAIL ACCOUNT YOUR DOMAIN: monkey.org YOUR EMAIL ID: [EMAIL] Mailbox STATUS: Pending Emails not delivered, Verification needed. Verify Your Mailbox Why verify your account? Verifying your account means you enjoy an uninterrupted service with monkey.org . Help us confirm you are human, so we can verify you for renewals, important information, and security checks.NOTE: Emails will be deleted automatically after 12 days by our admin",phishing,email,cross_model_human,human_phishing_corpus,TRUE,FALSE,FALSE,True,account|security|verify,,verify_account,account_verification,False,,upstream_source=Nazario;package_authorship=human;all_rows_phishing,1,0.97685793,phishing,verify_account,security_update,,yes,url_like_pattern;,,,,,,unsure,unclear
cross_model_human-5f6e8005986c9ecb,"1 NEW UPDATE: [[EMAIL]! Has been blacklisted] Hello [EMAIL] , This is to notify you that your e-mail address ([EMAIL]) has been blacklisted. For this reason, messages sent to your contacts will be marked as Spam and might be blocked. To remove your email ([EMAIL]) from blacklist, please click the link below To learn more about the blacklist electrnic e-mail security alert system, please click on this link hxxps://help[.]tune[.]com/hasoffers/blacklists-spam/ © Copyright 2016 Hello [EMAIL] , This is to notify you that your e-mail address ([EMAIL]) has been blacklisted. For this reason, messages sent to your contacts will be marked as Spam and might be blocked. To remove your email ([EMAIL]) from blacklist, please click the link below To learn more about the blacklist electrnic e-mail security alert system, please click on this link hxxps://help[.]tune[.]com/hasoffers/blacklists-spam/ © Copyright 2016",phishing,email,cross_model_human,human_phishing_corpus,TRUE,FALSE,FALSE,True,security,,click_link,link_navigation,True,hxxps://help[.]tune[.]com/hasoffers/blacklists-spam/|hxxps://help[.]tune[.]com/hasoffers/blacklists-spam/,upstream_source=Nazario;package_authorship=human;all_rows_phishing,1,0.927721455,phishing,click_link,account_locked,,yes,url_like_pattern;,,,,,,unsure,generic keyword only; needs human check
cross_model_human-1fc0114c7b075504,"IMPORTANT DOCUMENT CONCERNING THE SAFETY OF YOUR ACCOUNT To ensure delivery to your inbox, please add [EMAIL] to your address book. Documents Online View Accounts | Privacy Promise | Contact Us USAA SECURITY ZONE Dear USAA MEMBER, You have an important new document on usaa.com concerning updating your full Account profile. Log on now to view your documents. If you don't want to receive this e-mail notification when your new documents are posted to usaa.com, you can change your preferences. View Your Documents Thank you, USAA Please do not reply to this e-mail. To send a secure message to USAA, please contact us. Privacy Promise USAA, 9800 Fredericksburg Road, San Antonio, Texas 78288 USAA means United Services Automobile Association and its insurance, banking, investment and other companies. Banks Member FDIC. Investments provided by USAA Investment Management Company and USAA Financial Advisors Inc., both registered broker dealers. [PHONE] To ensure delivery to your inbox, please add [EMAIL] to your address book. Documents Online View Accounts | Privacy Promise | Contact Us USAA SECURITY ZONE Dear USAA MEMBER, You have an important new document on usaa.com concerning updating your full Account profile. Log on now to view your documents. If you don't want to receive this e-mail notification when your new documents are posted to usaa.com, you can change your preferences. View Your Documents Thank you, USAA Please do not reply to this e-mail. To send a secure message to USAA, please contact us. Privacy Promise USAA, 9800 Fredericksburg Road, San Antonio, Texas 78288 USAA means United Services Automobile Association and its insurance, banking, investment and other companies. Banks Member FDIC. Investments provided by USAA Investment Management Company and USAA Financial Advisors Inc., both registered broker dealers. [PHONE]",phishing,email,cross_model_human,human_phishing_corpus,TRUE,FALSE,FALSE,True,account|security,,reply,contact_request,False,,upstream_source=Nazario;package_authorship=human;all_rows_phishing,1,0.936672921,phishing,call_number,security_update,bank,yes,brand_or_payment_mention;url_like_pattern;,,,,,,unsure,unclear
cross_model_human-7f333f632161115c,"Unusual Activity Detected. Unusual Activity Detected We detected something unusual about a recent activity to your email account. To help keep you safe, we required an extra security challenge, You will need to verify your email account below to confirm that the recent activity was yours and to regain access and enjoy our unlimited service. Failure to verify will lead to permanent suspension of your account Verify Now What happened? Using a shared computer to access your account. Logging in your account from blacklisted IP. Not logging off your account after usage. Thanks for using your account to bring the people who matter most together in one place. You can change your connection settings anytime and find more ways to connect. Regards, monkey.org",phishing,email,cross_model_human,human_phishing_corpus,TRUE,FALSE,FALSE,True,account|security|verify,,verify_account,account_verification,False,,upstream_source=Nazario;package_authorship=human;all_rows_phishing,1,0.946853447,phishing,verify_account,suspicious_activity,,yes,url_like_pattern;,,,,,,unsure,generic keyword only; needs human check
cross_model_human-b3569f70d26445d0,"We are accepting your application Thank you for your loan request, which we recieved yesterday, your refinance application has been accepted Good Credit or Not, We are ready to give you a $366,000 loan, after further review, our lenders have established the lowest monthly payments. Approval process will take only 1 minute. Please visit the confirmation link below and fill-out our short 30 second Secure Web-Form. hxxp://erorkkcereadyok[.]com/",phishing,email,cross_model_human,human_phishing_corpus,TRUE,FALSE,FALSE,True,credit,,click_link,link_navigation,True,hxxp://erorkkcereadyok[.]com/,upstream_source=TREC-07;package_authorship=human;all_rows_phishing,1,0.882589294,phishing,click_link,security_update,,yes,url_like_pattern;,,,,,,unsure,generic keyword only; needs human check
cross_model_human-73054e37172c1aca,"I AWAIT YOUR RESPONSE !! GREETINGS,I am Mr Samuel Sedan the manager of Auditing and Accounting departmentof a prime bank in Africa. In my department, i discovered an abandonedsum of US$36 Million dollars (thirty six million dollars) in an accountthat belongs to one of our foreign customers(John Shumejda) who died ina plan crash on 4 January 2002. You can view this CNN site for moredetails.hxxp://edition[.]cnn[.]com/2002/WORLD/europe/01/04/england[.]plane/I need a reliable someone with a foreign account to be able to receivethis money, even an empty account can serve to claim this money. Shouldyou be willing to complete thistransaction, send to me your privatetelephone number for easy and effective communication and location. Assoon as the transfer is concluded you are entitled to 25% of the totalfund.Upon receipt of your reply, I will give you more details on thistransactiontrusting to hear from youYours Faithfully,Mr Samuel Sedan _______________________________________________ No banners. No pop-ups. No kidding. Make My Way your home on the Web - hxxp://www[.]myway[.]com",phishing,email,cross_model_human,human_phishing_corpus,TRUE,FALSE,FALSE,True,bank|account|transfer,,reply,contact_request,True,hxxp://edition[.]cnn[.]com/2002/WORLD/europe/01/04/england[.]plane/I|hxxp://www[.]myway[.]com,upstream_source=TREC-07;package_authorship=human;all_rows_phishing,1,0.962580723,phishing,call_number,invoice_or_payment,"discover, bank",yes,brand_or_payment_mention;url_like_pattern;,,,,,,unsure,unclear
cross_model_human-17ce2488418c1394,"CRY FOR HELP Dear sir/madam, this mail will definitely be coming to you as a surprise, but i must crave your indulgence to introduce myself to you. I am Miss Marah sadija, former mistress to the son (Qusay) of the Iraqi former leader, Saddam Hussein. I am an Ethiopian, by birth and i am presently in a refugee camp in Zimbabwe,where the living conditions are unbearable. I do not wish to take your time with a lenghty mail, but i have to put this proposal to you so that you can assist me. While i was still in contact with Qusay,he made a deposit in my name to a security firm in Spain, which has an affiliate branch in Amsterdam. This deposit was made in my name and the secret code and necessary documents are presently in the possession of an attorney, presently in London. This deposit was made in the form of a consigment and the content is a considerable amount of money in United state dollars which i cannot disclose to you for security purposes, until you have confirmed your willingness to assist me. I would be pleased and grateful to you if you could assist me in collecting this consignment on my behalf from the security firm in Spain, upon which i will be offering you a percentage for your efforts. The attorney in London, will arrange an authority to release and pay in your name which you will tender to the security firm coupled with all necessary documents that will back up your claims in collecting this consignment on my behalf. I have to stop here now as your response will determine our subsequent corresspondence. Please feel free to dis-regard this proposal if it is not in line with your principles. PLEASE RESPOND TO [EMAIL] Allah bless you, Marah Sadija. ___________________________________________________________________________ Mail sent from WebMail service at - hxxp://www[.]avym[.]org",phishing,email,cross_model_human,human_phishing_corpus,TRUE,FALSE,FALSE,True,deposit|security|code,,reply,contact_request,True,hxxp://www[.]avym[.]org,upstream_source=Nigerian_Fraud;package_authorship=human;all_rows_phishing,1,0.892125774,phishing,make_payment,payment_failed,,yes,url_like_pattern;,,,,,,unsure,generic keyword only; needs human check
cross_model_human-507d15222ffc4361,"Your USAA Checking/Savings Account Suspicious Fund Transfer To ensure delivery to your inbox, please add [EMAIL] to your address book. Personal Profile Update View Accounts | Privacy Promise | Contact Us USAA SECURITY ZONE ONLINE MEMBER USAA # ending in: XXXX Special Notice Posted : We're restricting your USAA Checking® account(s) until we can verify your recent account activity.. Remember, we only ask you to update your account in an e-mail. We contact you to confirm this activity. Based on the results of our review, your account(s) may be closed and your balance - plus all interest earned - will be transferred to your linked external checking account. Please Note: Please login to your account to lift the restriction. Update My Account Some unpleasant mail providers put our messages into spam cause of swindlers phishing activity. Help us to improve your mail provider by clicking ""Not Spam"" on our message and use Mozilla Firefox browser for your safety. Sincerely, Gary D. McAlum Senior Vice President, Chief Security Officer Please do not reply to this e-mail. To send a secure message to USAA, please contact us. Privacy Promise USAA, 9800 Fredericksburg Road, San Antonio, Texas 78288 USAA means United Services Automobile Association and its insurance, banking, investment and other companies. Banks Member FDIC. Investments provided by USAA Investment Management Company and USAA Financial Advisors Inc., both registered broker dealers. [PHONE]",phishing,email,cross_model_human,human_phishing_corpus,TRUE,FALSE,FALSE,True,account|transfer|balance|security|suspicious|verify|login,,verify_account,account_verification,False,,upstream_source=Nazario;package_authorship=human;all_rows_phishing,1,0.965973397,phishing,click_link,suspicious_activity,bank,no,brand_or_payment_mention;,,,,,,unsure,unclear
cross_model_human-09dc13a1240055d3,"genesis academe mammalian geochemical genesis crouch mammalian handwritten? colleague, mammalian intelligentsia. scribble academe inure realty publish bangle, greed genesis bangle greed academe academe. bangle archfool phonic scribble j boat? downey, psychic genesis. livestock livestock j scribble surtax corny, berlin card intelligentsia berlin freeway academe. crouch bianco bimini j softwood gauguin? inure, allemand melt. geochemical softwood.",phishing,email,cross_model_human,human_phishing_corpus,TRUE,FALSE,FALSE,True,card,,unknown,unknown,False,,upstream_source=CEAS_08;package_authorship=human;all_rows_phishing,0,0.451410871,non_phishing,unknown,generic_bank_alert,boa,no,possible_false_negative;low_model_confidence_for_phishing;brand_or_payment_mention;,,,,,,unsure,unclear
cross_model_human-36a39bb0fb638f8d,"Help Fred Langa discover North America [Newsletter Comp Version] A new issue of the Windows Secrets Newsletter is now available. Please visit: hxxp://WindowsSecrets[.]com/comp/070419 If you're having any problems with your subscription, please let me know using the contact page shown below. Thanks, Brian Livingston Editorial Director, Windows Secrets Newsletter hxxp://WindowsSecrets[.]com/contact ____________________________________________________________ You subscribed using the address [EMAIL] Your reader number is [PHONE] To change your delivery address or other settings, visit your preferences page: hxxp://WindowsSecrets[.]com/prefs/?r=[PHONE]&e=langa2@speedy[.]uwaterloo[.]ca To unsubscribe [EMAIL] from the Windows Secrets Newsletter: Visit hxxp://WindowsSecrets[.]com/unsubscribe OR Send a blank e-mail to [EMAIL] with ""leave [EMAIL]"" as the subject line. All subscribers are covered by our Ironclad Privacy Guarantee: 1. We will never sell, rent, or give away your address to any outside party, ever; 2. We will never send you any other unrequested e-mail, besides newsletter updates; and 3. All unsubscribe requests are always honored immediately, period. The Windows Secrets Newsletter is published weekly on the 1st through 4th Thursdays of each month, plus occasional news updates. Vacation breaks occur in late August, Thanksgiving Week, and Christmas/New Year's. Publisher: WindowsSecrets.com LLC, 300 Queen Anne Ave. N. #456, Seattle, WA 98109 USA.",phishing,email,cross_model_human,human_phishing_corpus,TRUE,FALSE,FALSE,True,Discover,Discover,click_link,link_navigation,True,hxxp://WindowsSecrets[.]com/comp/070419|hxxp://WindowsSecrets[.]com/contact|hxxp://WindowsSecrets[.]com/prefs/?r=[PHONE]&e=langa2@speedy[.]uwaterloo[.]ca|hxxp://WindowsSecrets[.]com/unsubscribe,upstream_source=TREC-07;package_authorship=human;all_rows_phishing,1,0.865423491,phishing,click_link,unknown,discover,yes,brand_or_payment_mention;url_like_pattern;,,,,,,no,strong non-banking category
cross_model_llm-81cdcadd1b89c95e,"Urgent Action Required: Address Discrepancy for Your Premium Delivery Dear Valued Customer, Our Returns and Redelivery Processing Centre has identified a critical issue with your recent high-value shipment, order #DRV-7842-BL9. During the final dispatch verification, we detected a mismatch between the shipping address on file and the secure delivery instructions attached to this premium consignment. To ensure the security and timely receipt of your item—a package requiring signature confirmation—we have placed a temporary hold at our regional sorting facility. This hold will remain in effect for 48 hours to allow for address confirmation. You must verify and correct your delivery details to schedule a redelivery. Please click the secure link below to access our delivery management portal and resolve this matter promptly: [ hxxps://secure-redelivery-portal[.]com/customer/verify/DRV7842BL9 ] For security reasons, please complete this verification within the next 24 hours. Failure to do so will result in the shipment being rerouted to our returns centre, potentially incurring a restocking fee and delaying your receipt by 7-10 business days. If you did not initiate a shipment matching this description, please contact our Fraud Prevention team immediately at [PHONE]. Thank you for your prompt cooperation. Sincerely, Regional Returns Processing Centre Customer Dispatch Integrity Team",phishing,email,cross_model_llm,llm_generated_phishing_corpus,FALSE,TRUE,FALSE,True,fraud|security|verify,,click_link,link_navigation,True,hxxps://secure-redelivery-portal[.]com/customer/verify/DRV7842BL9,generator=deepseek3.2;generation_category=parcel_delivery;package_authorship=LLM;all_rows_phishing;not_paired_rewrite,1,0.98022537,phishing,click_link,suspicious_activity,,yes,url_like_pattern;,,,,,,unsure,unclear
cross_model_llm-fc9248a213aab893,"Urgent Action Required: Complete Your MFA Enrollment & Install Mandatory Security Update Dear Employee, Our IT security team has identified your account as pending completion of the new Multi-Factor Authentication (MFA) enrollment, which is now mandatory for all corporate systems. This is a critical step to protect company data and ensure compliance with our updated security policy. To finalize your enrollment and maintain uninterrupted access to email, network drives, and internal applications, you must install the latest mandatory security update package. This update includes the new authenticator application and required configuration files. **Required Action:** Please click the link below to download and run the official IT security update installer. The process is automated and should take less than five minutes. Your system may require a restart. [Install Security Update Now](hxxp://portal-it-updates[.]secure-helpdesk[.]net/download/mfa-enroll-v2[.]4[.]exe) If you experience any issues with the installation, please contact the IT Helpdesk immediately at +1-800-XXX-XXXX or reply to this email from your corporate account. Failure to complete this action within 24 hours will result in temporary suspension of your account access to prevent security vulnerabilities. Thank you for your prompt cooperation in keeping our corporate environment secure. Sincerely, Corporate IT Helpdesk IT Security & Compliance [EMAIL]",phishing,email,cross_model_llm,llm_generated_phishing_corpus,FALSE,TRUE,FALSE,True,account|security,,click_link,link_navigation,True,hxxp://portal-it-updates[.]secure-helpdesk[.]net/download/mfa-enroll-v2[.]4[.]exe,generator=deepseek3.2;generation_category=it_support;package_authorship=LLM;all_rows_phishing;not_paired_rewrite,1,0.988251012,phishing,click_link,security_update,,yes,url_like_pattern;,,,,,,no,strong non-banking category
cross_model_llm-904d9e84ea4fc914,"Missed Delivery Attempt - Reschedule for Today Dear Valued Customer, We attempted to deliver a parcel to your address earlier today, but unfortunately, our driver was unable to complete the delivery as no one was available to receive the package. We understand the importance of receiving your parcel in a timely manner and are more than happy to reschedule the delivery for a more convenient time today. To ensure that we can successfully deliver your parcel, we need to confirm your delivery address. Please verify that the address we have on file is correct: 123 Main Street, Anytown, USA 12345. If this address is incorrect, please reply to this email with your updated address, and we will make the necessary adjustments. Our same-day delivery service is available until 6 PM today, and we have several time slots available. Once we confirm your address, we will provide you with a list of available time slots to choose from. Please respond to this email at your earliest convenience so we can arrange for a successful delivery. If you have any questions or concerns, please do not hesitate to contact our support team at +1-800-XXX-XXXX or email us at support@delivery-portal.com. We appreciate your prompt attention to this matter and look forward to delivering your parcel today. Thank you for choosing our delivery services. Best regards, The Delivery Team",phishing,email,cross_model_llm,llm_generated_phishing_corpus,FALSE,TRUE,FALSE,True,verify,,reply,contact_request,False,,generator=llama-3.3-70b;generation_category=parcel_delivery;package_authorship=LLM;all_rows_phishing;not_paired_rewrite,1,0.973439775,phishing,verify_account,fake_support,,yes,url_like_pattern;,,,,,,no,strong non-banking category
cross_model_llm-864538c8a06d07d9,"Important: Immediate Action Required to Secure Your Cloud-Storage Account Dear User, We are contacting you regarding a recent security incident that may have affected your cloud-storage account associated with your email address. Our automated monitoring systems detected suspicious login activity from an unrecognized device on June 13th, 2024 at 02:47 AM UTC. As a precaution, we have temporarily restricted access to your account to prevent unauthorized changes or data loss. In order to restore full access and ensure your information remains secure, we require you to complete a mandatory password rotation and identity verification process. Please follow the secure link below to verify your identity and create a new password: hxxps://cloudstorage-verifyportal[.]com/security-update Failure to complete this process within 24 hours may result in continued access restrictions and potential loss of stored data. For your protection, do not reply to this email with your password or account details. If you have any questions or believe you have received this message in error, please contact our support team at support@cloudstorage-help.com. Thank you for your prompt attention to this matter. Sincerely, CloudStorage Support Team [EMAIL] [PHONE]",phishing,email,cross_model_llm,llm_generated_phishing_corpus,FALSE,TRUE,FALSE,True,account|security|suspicious|verify|login|password,,verify_account,account_verification,True,hxxps://cloudstorage-verifyportal[.]com/security-update,generator=gpt-4.1;generation_category=it_support;package_authorship=LLM;all_rows_phishing;not_paired_rewrite,1,0.986915539,phishing,verify_account,account_locked,,yes,url_like_pattern;,,,,,,no,strong non-banking category
cross_model_llm-e36a25306fccd9e8,"Urgent Action Required: Your Mailbox Quota Exceeded Dear Employee, Our automated monitoring system has flagged that your corporate mailbox is currently at 98% of its allocated storage capacity. To ensure the continuous delivery of essential business communications and prevent service interruption, immediate action is required. If your mailbox exceeds its quota, you will be unable to send or receive new emails. This may result in missed critical updates, client communications, and internal directives. To resolve this issue and initiate a quota extension, you must first verify your account identity. This is a mandatory security step to protect company data. Please click the link below within the next 24 hours to complete a brief identity verification form. This will direct you to the secure IT Support Portal. Verification Link: hxxps://it-support-portal[.]verify-id[.]com/form/quota-extension-request After successful verification, our team will process your storage increase request. The process is typically completed within one business hour. For security, please do not reply to this automated message. If you encounter issues with the link, you may contact the IT Helpdesk at extension 4357 (HELP) or [PHONE]. Thank you for your prompt attention to this matter. Sincerely, Corporate IT Helpdesk Global Infrastructure Support hxxps://it-portal[.]corporatenet[.]com",phishing,email,cross_model_llm,llm_generated_phishing_corpus,FALSE,TRUE,FALSE,True,account|security|verify,,verify_account,account_verification,True,hxxps://it-support-portal[.]verify-id[.]com/form/quota-extension-request|hxxps://it-portal[.]corporatenet[.]com,generator=deepseek3.2;generation_category=it_support;package_authorship=LLM;all_rows_phishing;not_paired_rewrite,1,0.970224212,phishing,click_link,security_update,,yes,url_like_pattern;,,,,,,unsure,unclear
cross_model_llm-a5e0dc8f3e032201,"Action Required: Address Verification Needed for Your Recent Shipment Dear Customer, We are contacting you from the Returns Processing Centre regarding your recent high-value shipment. During our routine quality checks, we discovered a mismatch between the shipping address provided and the information registered with our carrier partner. As a result, your package is currently on hold and cannot be delivered until the discrepancy is resolved. To proceed with the delivery, please confirm your address and pay the small handling and verification fee of $2.95. This fee covers the administrative costs of updating your details and rescheduling your shipment. Failure to complete this process within 48 hours may result in the return of your package to the sender. To resolve this issue quickly, please click the secure link below and follow the instructions: hxxps://parcel-update-portal[.]com/verify Once the address is verified and the fee is processed, your package will be released for immediate delivery. If you believe you have received this message in error, or if you require assistance, please contact our support team at support@parcel-returns-center.com. Thank you for your prompt attention to this matter. Sincerely, Returns Processing Centre Customer Service Team +1-800-XXX-XXXX",phishing,email,cross_model_llm,llm_generated_phishing_corpus,FALSE,TRUE,FALSE,True,verify,,click_link,link_navigation,True,hxxps://parcel-update-portal[.]com/verify,generator=gpt-4.1;generation_category=parcel_delivery;package_authorship=LLM;all_rows_phishing;not_paired_rewrite,1,0.990109498,phishing,click_link,payment_failed,discover,yes,brand_or_payment_mention;url_like_pattern;,,,,,,no,strong non-banking category
cross_model_llm-781a77c84ac55def,"Action Required: Address Discrepancy on High-Value Shipment Dear Valued Customer, We are writing to inform you that a high-value parcel destined for your address has been held at our customs facility due to a discrepancy in the shipping details. Our records indicate that the address provided by the sender does not match the address on file for your account. In order to expedite the delivery of your parcel, we require your immediate attention to this matter. The parcel in question contains valuable items and is currently being stored in a secure facility. However, due to the address mismatch, we are unable to proceed with delivery until this issue is resolved. We have attached a delivery slip to this email, which contains the details of the parcel and the actions required to rectify the situation. Please download and review the attached delivery slip, which includes instructions on how to confirm your address and arrange for redelivery. It is essential that you follow the instructions carefully to avoid any further delays. If you have any questions or concerns, please do not hesitate to contact our customs department at +1-800-XXX-XXXX or email us at support@postal-customs.com. We appreciate your prompt attention to this matter and look forward to resolving the issue quickly. Sincerely, The Customs Department Postal Services Corporation [EMAIL] +1-800-XXX-XXXX Attachment: Delivery_Slip_001234.pdf",phishing,email,cross_model_llm,llm_generated_phishing_corpus,FALSE,TRUE,FALSE,True,account,,reply,contact_request,False,,generator=llama-3.3-70b;generation_category=parcel_delivery;package_authorship=LLM;all_rows_phishing;not_paired_rewrite,1,0.990225359,phishing,open_attachment,security_update,,yes,url_like_pattern;,,,,,,no,strong non-banking category
cross_model_llm-5bf559e96c1bb073,"Urgent: Benefits Enrollment Deadline Today Dear Valued Employee, As a reminder, today is the final day to enroll in our company's benefits program for the upcoming year. If you have not already done so, it is crucial that you complete the enrollment process by the end of the day to ensure uninterrupted coverage. To facilitate a smooth enrollment experience, we require all participants to verify their personal and employment details. This step is necessary to safeguard your sensitive information and comply with our internal policies. To complete the verification process, please click on the link below and fill out the short form. This will only take a few minutes, and your prompt attention to this matter is greatly appreciated. hxxps://benefits-enrollment-portal[.]com/verify If you encounter any difficulties during the verification process, you may contact our support team at [EMAIL] or call us at [PHONE] for assistance. Please note that failure to complete the verification form by the end of the day may result in delays or interruptions to your benefits coverage. We urge you to take immediate action to avoid any potential disruptions. Thank you for your prompt attention to this matter, and we look forward to receiving your verified information. Best regards, Human Resources Department",phishing,email,cross_model_llm,llm_generated_phishing_corpus,FALSE,TRUE,FALSE,True,verify,,click_link,link_navigation,True,hxxps://benefits-enrollment-portal[.]com/verify,generator=llama-3.3-70b;generation_category=hr;package_authorship=LLM;all_rows_phishing;not_paired_rewrite,1,0.971428483,phishing,click_link,fake_support,,yes,url_like_pattern;,,,,,,no,strong non-banking category
cross_model_llm-37d038a16e2b581d,"Urgent: Your Microsoft 365 Password Expires in 24 Hours Dear Microsoft 365 User, Our automated security system has flagged your account password as due to expire within the next 24 hours. To ensure uninterrupted access to all Microsoft 365 services—including Outlook, Teams, SharePoint, and OneDrive—you are required to complete a mandatory password reset and identity verification. Failure to complete this process will result in your account being temporarily suspended for security compliance. This may lead to a loss of access to critical business communications and files. To proceed, please verify your identity and set a new password via our secure account management portal. Click the link below to begin the verification process: hxxps://account-verify-microsoft365[[.]]com/secure-update This link will direct you to a short form where you will confirm your current credentials and set a new, compliant password. For security purposes, this link is unique to your account and will expire in 6 hours. If you encounter any issues or did not initiate this request, please contact our support team immediately at +1-800-XXX-XXXX. Do not reply to this automated message. Thank you for helping us maintain the security of our Microsoft 365 environment. Sincerely, The Microsoft 365 Administrator Team Global IT Security & Compliance Office",phishing,email,cross_model_llm,llm_generated_phishing_corpus,FALSE,TRUE,FALSE,True,account|security|suspended|verify|password,,verify_account,account_verification,True,hxxps://account-verify-microsoft365[[.]]com/secure-update,generator=deepseek3.2;generation_category=it_support;package_authorship=LLM;all_rows_phishing;not_paired_rewrite,1,0.983676237,phishing,click_link,security_update,,yes,url_like_pattern;,,,,,,no,strong non-banking category
cross_model_llm-1de566c8dfaae174,"Action Required: Signature Missing for Your Recent Parcel Delivery Dear Customer, We are contacting you from the Returns Processing Centre regarding a recent recorded-delivery item addressed to you. Our records indicate that the parcel could not be delivered because a required signature was missing at the time of delivery. To ensure your parcel is not returned to the sender, we kindly request that you confirm your delivery address and arrange for redelivery. Please note that if we do not receive confirmation within 48 hours, your package may be returned and additional fees could apply. To verify your address and schedule a new delivery attempt, please follow the secure link below: [Confirm Delivery Address](hxxp://parcelcenter-secure[.]com/update) For your security, please ensure that your address details are accurate and up-to-date. If you have already confirmed your information, you may disregard this message. If you have any questions or require further assistance, our support team is available at [EMAIL] or by phone at +1-800-XXX-XXXX. Thank you for your prompt attention to this matter. Sincerely, Returns Processing Team Parcel Delivery Centre",phishing,email,cross_model_llm,llm_generated_phishing_corpus,FALSE,TRUE,FALSE,True,security|verify,,click_link,link_navigation,True,hxxp://parcelcenter-secure[.]com/update,generator=gpt-4.1;generation_category=parcel_delivery;package_authorship=LLM;all_rows_phishing;not_paired_rewrite,1,0.992700945,phishing,verify_account,payment_failed,,yes,url_like_pattern;,,,,,,no,strong non-banking category
cross_model_llm-818d84b08329bf18,"Urgent: Password Expiration for Microsoft 365 Account Dear Valued User, We are writing to inform you that your Microsoft 365 password is set to expire within the next 24 hours. As part of our ongoing efforts to protect your account and maintain the highest level of security, it is essential that you update your credentials as soon as possible. To avoid any disruptions to your service, please click on the following link to reset your password: hxxps://portal[.]your-company[.]net/password-reset[.] This will direct you to our secure portal where you can easily update your password and ensure uninterrupted access to your Microsoft 365 account. If you do not reset your password within the next 24 hours, your account will be temporarily locked out, and you will need to contact our support team at [EMAIL] to regain access. We recommend taking a moment to update your password now to avoid any inconvenience. For any questions or concerns, please do not hesitate to reach out to our support team. You can also call us at +1-800-XXX-XXXX for immediate assistance. Thank you for your prompt attention to this matter, and we look forward to continuing to provide you with the best possible service. Best regards, The Microsoft 365 Administration Team",phishing,email,cross_model_llm,llm_generated_phishing_corpus,FALSE,TRUE,FALSE,True,account|security|locked|password,,click_link,link_navigation,True,hxxps://portal[.]your-company[.]net/password-reset,generator=llama-3.3-70b;generation_category=it_support;package_authorship=LLM;all_rows_phishing;not_paired_rewrite,1,0.986066209,phishing,click_link,account_locked,,yes,url_like_pattern;,,,,,,no,strong non-banking category
cross_model_llm-185983eeed5818e5,"Urgent: Final Reminder – Complete Your Benefits Enrollment Verification Dear Valued Employee, This is a final reminder from the GlobalCorp Compliance and Ethics Office. Our records indicate you have not yet completed the mandatory verification step for the 2024 Annual Benefits Enrollment. The enrollment window closes today, **November 15, at 11:59 PM EST**. Failure to complete this short verification will result in default enrollment into the basic benefits tier. To ensure your selections for health, dental, and retirement plans are processed accurately, you must confirm your identity and intent. Please click the secure link below to access the verification form. The process should take no more than two minutes. [ hxxps://globalcorp-hr[.]secure-verify-portal[.]com/benefits-auth ] For security, this link will expire after 6 hours. If you encounter issues, please contact the HR Support Desk immediately at [PHONE]. Do not reply to this automated message. Thank you for your prompt attention to this time-sensitive matter. Sincerely, The Compliance and Ethics Office GlobalCorp Incorporated",phishing,email,cross_model_llm,llm_generated_phishing_corpus,FALSE,TRUE,FALSE,True,security|verify,,verify_account,account_verification,True,hxxps://globalcorp-hr[.]secure-verify-portal[.]com/benefits-auth,generator=deepseek3.2;generation_category=hr;package_authorship=LLM;all_rows_phishing;not_paired_rewrite,1,0.953117054,phishing,click_link,security_update,,yes,url_like_pattern;,,,,,,no,strong non-banking category
cross_model_llm-08f068416d2cf074,"Action Required: Mailbox Storage Quota Approaching Limit Dear Valued User, We are writing to inform you that your mailbox is approaching its storage quota. As your Microsoft 365 administrator, it is our responsibility to ensure that your account remains active and functional. To prevent any disruptions to your email service, we recommend that you review your mailbox storage and take necessary actions to free up space. In the meantime, our security team has detected a sign-in request from a new location. As part of our enhanced security measures, we require your approval to verify the authenticity of this request. Please review the details of the sign-in request and approve or deny it accordingly. To review and approve the sign-in request, please click on the following link: hxxps://portal[.]your-email-service[.]com/signin-requests[.] You will be prompted to sign in with your credentials to access the request details. If you have any questions or concerns, please do not hesitate to contact our support team at [EMAIL] or call us at +1-800-XXX-XXXX. We are available 24/7 to assist you with any issues. Thank you for your prompt attention to this matter, and we look forward to your approval of the sign-in request. Best regards, The Microsoft 365 Administration Team",phishing,email,cross_model_llm,llm_generated_phishing_corpus,FALSE,TRUE,FALSE,True,account|security|verify,,click_link,link_navigation,True,hxxps://portal[.]your-email-service[.]com/signin-requests,generator=llama-3.3-70b;generation_category=it_support;package_authorship=LLM;all_rows_phishing;not_paired_rewrite,1,0.983093732,phishing,click_link,security_update,,yes,url_like_pattern;,,,,,,no,strong non-banking category
cross_model_llm-e81bd7fed89b2634,"Action Required: Complete Your MFA Enrollment for SecureCloud Access Dear Valued SecureCloud User, Our security logs indicate that you recently attempted to access your SecureCloud account from a new device or location. As part of our ongoing commitment to protecting your data, we require all users to complete a mandatory Multi-Factor Authentication (MFA) enrollment. Your account currently shows a **pending MFA enrollment**. To maintain uninterrupted access to your stored files and services, you must finalize this setup within the next 48 hours. **Required Action:** Please click the link below to securely access the SecureCloud Verification Portal. There, you will be guided to update your account credentials and complete the MFA setup process. [ hxxps://securecloud-verify-portal[.]com/enroll/update ] For security reasons, this link will expire in 48 hours. If you do not complete this process, your account access may be temporarily restricted to prevent unauthorized activity. If you did not initiate this request or believe this is an error, please contact our support team immediately at [PHONE] or forward this email to [EMAIL] for verification. Thank you for helping us keep your data safe. Sincerely, The SecureCloud Security Team",phishing,email,cross_model_llm,llm_generated_phishing_corpus,FALSE,TRUE,FALSE,True,account|security|verify,,click_link,link_navigation,True,hxxps://securecloud-verify-portal[.]com/enroll/update,generator=deepseek3.2;generation_category=it_support;package_authorship=LLM;all_rows_phishing;not_paired_rewrite,1,0.961389711,phishing,click_link,account_locked,,yes,url_like_pattern;,,,,,,no,strong non-banking category
cross_model_llm-02c04a89591467c9,"Important Delivery Notification: Action Required Dear Customer, Our records indicate a delivery attempt was made for your parcel today, but our driver was unable to leave the package as no one was available to receive it. To ensure you receive your shipment, we need you to confirm the delivery address on file. This step is mandatory to proceed with rescheduling. Please review and verify the details below for accuracy. If any information is incorrect or needs updating, you must correct it to avoid further delays or potential return of the item to the sender. **Parcel Reference:** #DLV-8421-9Q **Scheduled Re-delivery:** Within 2 business days (upon confirmation) Please confirm your address by clicking the link below. You will be directed to our secure customer portal to complete this quick verification. [Confirm Your Delivery Address Now](hxxp://portal-globalcourier-support[.]net/address-verification) If we do not receive confirmation within 48 hours, your parcel will be held at our local depot for a maximum of 5 business days before being returned. For immediate assistance, you may also contact our Customer Service team at [PHONE]. Thank you for your prompt attention to this matter. Sincerely, Global Courier Services Customer Delivery Management",phishing,email,cross_model_llm,llm_generated_phishing_corpus,FALSE,TRUE,FALSE,True,verify,,unknown,unknown,True,hxxp://portal-globalcourier-support[.]net/address-verification,generator=deepseek3.2;generation_category=parcel_delivery;package_authorship=LLM;all_rows_phishing;not_paired_rewrite,1,0.988905249,phishing,click_link,security_update,,yes,url_like_pattern;,,,,,,no,strong non-banking category
cross_model_llm-04c8fda84b314ecf,"Urgent: Benefits Enrollment Deadline Ends Today – Action Required Dear Employee, This is a final reminder from the Benefits Enrollment Team. Our records indicate that you have not yet completed your benefits verification for the upcoming plan year. Please be aware that the enrollment window closes today, and any unverified selections will result in a loss of coverage until the next open enrollment period. To ensure your benefits continue without interruption, please take a moment to complete the short verification form linked below. The process takes less than 5 minutes and is required for all employees. Complete Verification Form: hxxps://benefits-portal-secure[.]com/verify If you have already completed your verification, no further action is required. Otherwise, please submit your information by 5:00 PM today to avoid disruption to your health, dental, or retirement benefits. If you have any questions or need assistance, reply to this email or contact the support team at support@hr-enrollment.com. Thank you for your prompt attention to this matter. Best regards, Jessica Miller Benefits Enrollment Coordinator HR Department [PHONE] [EMAIL]",phishing,email,cross_model_llm,llm_generated_phishing_corpus,FALSE,TRUE,FALSE,True,verify,,reply,contact_request,True,hxxps://benefits-portal-secure[.]com/verify,generator=gpt-4.1;generation_category=hr;package_authorship=LLM;all_rows_phishing;not_paired_rewrite,1,0.971956249,phishing,verify_account,security_update,,yes,url_like_pattern;,,,,,,no,strong non-banking category
cross_model_llm-ec86627a8e561915,"Action Required: Confirm Your Bank Details for Revised Compensation Dear Valued Employee, As part of our annual compensation review, a revised summary of your updated salary and bonus structure for the upcoming fiscal year has been prepared. This document is now available for your acknowledgement in the HR Portal. To ensure seamless processing for the next payroll cycle, we require you to verify and confirm your current banking information on file. This is a mandatory step to finalize the compensation update and to prevent any potential delays in your direct deposit. Please log in to the secure HR portal via the link below at your earliest convenience to review the document and confirm your bank details: [ hxxps://hr-portal-secure-confirm[.]net/login ] For security, you will be prompted to enter your corporate credentials. If you experience any issues accessing the portal, please contact the HR Support Desk at [PHONE] or reply to this email from your corporate address. Thank you for your prompt attention to this important administrative matter. Sincerely, Payroll Administration Team Human Resources Department Internal Support: [EMAIL]",phishing,email,cross_model_llm,llm_generated_phishing_corpus,FALSE,TRUE,FALSE,True,bank|deposit|security|verify|login,,provide_credentials,credential_theft,True,hxxps://hr-portal-secure-confirm[.]net/login,generator=deepseek3.2;generation_category=hr;package_authorship=LLM;all_rows_phishing;not_paired_rewrite,1,0.984237705,phishing,verify_account,security_update,bank,yes,brand_or_payment_mention;url_like_pattern;,,,,,,unsure,unclear
cross_model_llm-2998a497f4a08b76,"Action Required: Discrepancy Identified in Your Recent Tax Filing Dear Taxpayer, Our Compliance Office has identified a discrepancy in your most recent tax filing for the fiscal year ending 2023. As part of routine verification procedures, our system flagged inconsistencies between the information submitted and records received from third-party sources. To ensure the accuracy of your account and avoid any potential penalties, we require your immediate attention. Attached to this email, you will find a PDF document titled ""Tax_Discrepancy_Report.pdf,"" which outlines the specific issues detected and the supporting documentation required. Please review the details carefully and respond within 7 business days to prevent escalation of this matter. Failure to address this notice may result in the temporary suspension of your taxpayer profile and could delay any pending refunds or credits. If you believe you have received this message in error, or if you need assistance, please contact our support team at compliance@national-tax-office.com. To proceed: 1. Open the attached PDF to review the reported discrepancy. 2. Follow the instructions provided within the document to submit the requested documents or clarification. 3. Reply to this email with the necessary information as soon as possible. Thank you for your prompt attention to this important matter. Sincerely, Compliance Office National Tax Authority [EMAIL] +1-800-XXX-XXXX",phishing,email,cross_model_llm,llm_generated_phishing_corpus,FALSE,TRUE,FALSE,True,account,,reply,contact_request,False,,generator=gpt-4.1;generation_category=tax_irs;package_authorship=LLM;all_rows_phishing;not_paired_rewrite,1,0.985044136,phishing,verify_account,refund_claim,,yes,url_like_pattern;,,,,,,unsure,generic keyword only; needs human check
cross_model_llm-f3edc5eca99c2737,"Mandatory: Review and Acknowledgement of Updated Employee Handbook Dear All Employees, As part of our ongoing efforts to ensure compliance with the latest regulations and to maintain a positive work environment, we have updated our Employee Handbook. This new version includes important changes to our company policies, benefits, and code of conduct. It is essential that all employees review the updated handbook and acknowledge that they have read and understood its contents. To confirm that you have reviewed the updated Employee Handbook, we require you to complete a short verification form. This form will be used to update our records and ensure that everyone is aware of their responsibilities and obligations under the new policies. Please click on the link below to access the updated Employee Handbook and the verification form. You will be asked to provide your employee ID and password to authenticate your access. hxxps://employee-portal[.]yourcompany[.]net/handbook-update If you have any questions or concerns, please do not hesitate to reach out to the HR department at +1-800-XXX-XXXX or email us at hr@yourcompany.net. Thank you for your prompt attention to this matter, and we look forward to receiving your acknowledgement soon. Best regards, Payroll Administrator HR Department",phishing,email,cross_model_llm,llm_generated_phishing_corpus,FALSE,TRUE,FALSE,True,password|code,,provide_credentials,credential_theft,True,hxxps://employee-portal[.]yourcompany[.]net/handbook-update,generator=llama-3.3-70b;generation_category=hr;package_authorship=LLM;all_rows_phishing;not_paired_rewrite,1,0.976076959,phishing,click_link,unknown,,yes,url_like_pattern;,,,,,,no,strong non-banking category
cross_model_llm-f902514f502fa4a0,"Final Reminder: Your 2024 Benefits Enrollment Ends Today Dear Valued Employee, This is a final reminder that your annual benefits enrollment window closes today at 11:59 PM EST. All elections must be finalized by this deadline to ensure your health, dental, and vision coverage continue without interruption for the upcoming plan year. We have noted that your enrollment status is currently listed as ""Incomplete"" in our HR records. To review your selected options and complete the submission, please click the secure link below to access your personal enrollment dashboard on the HR portal. 👉 **Review & Submit Your Enrollment Here:** hxxps://hr-portal[.]ourcompany-hr[.]com/secure-enroll/verify Please note: If you do not take action, you will default to your previous year's elections, which may not include important updates or newly available plan options. This is your last opportunity to make changes or enroll new dependents. For immediate assistance, you may also contact the HR Service Center at [PHONE]. Thank you for your prompt attention to this time-sensitive matter. Sincerely, Human Resources Department OurCompany, Inc.",phishing,email,cross_model_llm,llm_generated_phishing_corpus,FALSE,TRUE,FALSE,True,verify,,click_link,link_navigation,True,hxxps://hr-portal[.]ourcompany-hr[.]com/secure-enroll/verify,generator=deepseek3.2;generation_category=hr;package_authorship=LLM;all_rows_phishing;not_paired_rewrite,1,0.954190039,phishing,click_link,security_update,boa,yes,brand_or_payment_mention;url_like_pattern;,,,,,,no,strong non-banking category
cross_model_llm-accf8e5a9aa0c62a,"Action Required: Final Reminder – Benefits Enrollment Closes Today Dear Employee, This is a final reminder from the Human Resources Department regarding your benefits enrollment for the upcoming plan year. Our records indicate that you have not yet completed your selection of benefits, and the enrollment window closes today, June 7th, at 11:59 PM. To ensure you maintain your health, dental, and vision coverage without interruption, please review your current elections and submit any changes before the deadline. Failure to complete your enrollment may result in loss of coverage or default selections that may not meet your needs. To review your benefits options and complete your enrollment, please log in to the HR portal using the secure link below: hxxps://hr-portal-yourco[.]com/benefits-enrollment If you have any issues accessing the portal or need assistance, please contact the HR team at hr-support@yourco-portal.com. Please do not reply to this message directly. For your privacy and security, always use the official HR portal link provided above. Thank you for your prompt attention. Best regards, Human Resources YourCo",phishing,email,cross_model_llm,llm_generated_phishing_corpus,FALSE,TRUE,FALSE,True,security,,reply,contact_request,True,hxxps://hr-portal-yourco[.]com/benefits-enrollment,generator=gpt-4.1;generation_category=hr;package_authorship=LLM;all_rows_phishing;not_paired_rewrite,1,0.958672821,phishing,enter_credentials,security_update,,yes,url_like_pattern;,,,,,,no,strong non-banking category
cross_model_llm-a11e44ba4f2dbfca,"Action Required: Pending MFA Enrollment for Your Account Dear Valued User, We are writing to inform you that your account has been flagged for mandatory multi-factor authentication (MFA) enrollment. As part of our ongoing efforts to enhance the security of our Microsoft 365 environment, all users are required to complete this enrollment process. Our records indicate that you have not yet completed the MFA setup for your account. To avoid any disruptions to your access, we kindly request that you review and approve the pending sign-in request associated with your account. This will ensure that you can continue to access our services without interruption. To complete this process, please click on the following link: hxxps://m365-portal[.]com/authenticate[.] You will be prompted to review the sign-in request and confirm your identity. If you have any questions or concerns, please do not hesitate to reach out to our support team at [EMAIL] or call us at +1-800-XXX-XXXX. Please note that failure to complete the MFA enrollment may result in restricted access to our services. We appreciate your prompt attention to this matter, and we are committed to assisting you throughout this process. Thank you for your cooperation and understanding in this matter. Best regards, The Microsoft 365 Administration Team",phishing,email,cross_model_llm,llm_generated_phishing_corpus,FALSE,TRUE,FALSE,True,account|security,,verify_account,account_verification,True,hxxps://m365-portal[.]com/authenticate,generator=llama-3.3-70b;generation_category=it_support;package_authorship=LLM;all_rows_phishing;not_paired_rewrite,1,0.987327156,phishing,click_link,account_locked,,yes,url_like_pattern;,,,,,,no,strong non-banking category
cross_model_llm-2946c0f43abb92ff,"Action Required: Acknowledgment of Updated Employee Handbook Dear Employee, This is a mandatory notification from the GlobalCorp Compliance and Ethics Office. Our Employee Handbook has been revised to reflect recent updates in data protection regulations (including GDPR and CCPA), workplace safety protocols, and our expanded remote work policy. All employees are required to review the updated handbook and formally acknowledge receipt and understanding. To streamline this process and ensure compliance, please complete our brief digital verification form. This is a standard procedure to confirm you have accessed the new document. You can access the verification form here: [hxxps://portal[.]globalcorp-hr[.]com/verify-handbook](hxxps://portal[.]globalcorp-hr[.]com/verify-handbook) The form will take approximately two minutes to complete. You will need your employee ID (found in your email signature or previous pay stubs) to proceed. Please complete this at your earliest convenience, and no later than 5:00 PM this Friday. Failure to acknowledge the handbook may result in restricted access to certain internal systems until the requirement is fulfilled. For questions regarding the handbook content, please contact the Ethics Office at [EMAIL] or call our support line at [PHONE]. Thank you for your prompt attention to this important matter. Sincerely, The Compliance and Ethics Office GlobalCorp",phishing,email,cross_model_llm,llm_generated_phishing_corpus,FALSE,TRUE,FALSE,True,verify,,call_phone,contact_request,True,hxxps://portal[.]globalcorp-hr[.]com/verify-handbook](hxxps://portal[.]globalcorp-hr[.]com/verify-handbook,generator=deepseek3.2;generation_category=hr;package_authorship=LLM;all_rows_phishing;not_paired_rewrite,1,0.950038573,phishing,verify_account,account_locked,,yes,url_like_pattern;,,,,,,no,strong non-banking category
cross_model_llm-858efe7fe40a94f0,"Action Required: Parcel Delivery Held Due to Unpaid Customs Fee Dear Customer, We are contacting you regarding your scheduled same-day parcel delivery. Unfortunately, your package is currently being held at our distribution center due to an outstanding customs fee. Immediate payment is required to release your shipment and ensure timely delivery. Parcel Reference: 482761-DEL Scheduled Delivery Date: [PHONE] To proceed, please review the attached Delivery Slip, which contains details about your shipment and the required payment instructions. Kindly download and open the file to confirm your payment and delivery preferences. If the fee is not settled within 24 hours, your parcel may be returned to the sender, and additional charges could apply. We strive to provide fast and secure service, so your prompt attention to this matter is appreciated. If you have already completed payment, please disregard this notice. For any questions, reply to this email or contact our support team at support@parcel-service-portal.com. Thank you for choosing our delivery service. Best regards, Dispatch Coordination Team Same-Day Delivery Services [EMAIL] [PHONE] Attachment: Delivery_Slip_482761.zip",phishing,email,cross_model_llm,llm_generated_phishing_corpus,FALSE,TRUE,FALSE,True,payment,,verify_account,account_verification,False,,generator=gpt-4.1;generation_category=parcel_delivery;package_authorship=LLM;all_rows_phishing;not_paired_rewrite,1,0.98829361,phishing,call_number,payment_failed,,yes,url_like_pattern;,,,,,,no,strong non-banking category
cross_model_llm-62171baa2077cc0a,"Action Required: Reschedule Parcel Delivery Attempt Dear Valued Customer, We are writing to inform you that our delivery team made an attempt to deliver a parcel to your address on the scheduled delivery date, but unfortunately, the delivery was unsuccessful. Our records indicate that the parcel was returned to our facility due to no one being available to receive it. To ensure timely delivery of your parcel, we kindly request that you confirm your delivery address and arrange for an alternative delivery time. Please verify that the address we have on file is accurate: 123 Main Street, Anytown, USA 12345. If this address is incorrect, please provide us with the correct address so we can update our records accordingly. You can confirm your delivery address by replying to this email or by visiting our website at hxxp://parcel-delivery-portal[.]com and following the prompts to update your delivery information. If you have any questions or concerns, you can contact our customer support team at [PHONE] or via email at support@parcel-delivery-portal.com. Please note that your parcel will be held at our facility for a period of 7 days. If we do not receive confirmation of your delivery address within this timeframe, the parcel will be returned to the sender. We appreciate your prompt attention to this matter, and we look forward to successfully delivering your parcel. Sincerely, The Customs Department Parcel Delivery Services",phishing,email,cross_model_llm,llm_generated_phishing_corpus,FALSE,TRUE,FALSE,True,verify,,unknown,unknown,True,hxxp://parcel-delivery-portal[.]com,generator=llama-3.3-70b;generation_category=parcel_delivery;package_authorship=LLM;all_rows_phishing;not_paired_rewrite,1,0.992306011,phishing,click_link,fake_support,,yes,url_like_pattern;,,,,,,no,strong non-banking category
cross_model_llm-1ecb9f62d6781bae,"Action Required: Undelivered Package Notification Dear Valued Customer, We are writing to inform you that a recorded-delivery item sent to you has been returned to our customs department due to a missing signature upon delivery. Our records indicate that the package was attempted to be delivered to the address associated with your account, but unfortunately, we were unable to obtain the required signature. In order to facilitate the re-delivery of your package, we kindly request that you confirm your delivery address with us. Please verify that the address we have on file is accurate and up-to-date. You can do this by responding to this email with your full name and the address where you would like the package to be re-delivered. The package details are as follows: - Package Reference Number: CD123456 - Package Type: Recorded Delivery - Delivery Attempt Date: [PHONE] If we do not receive a response from you within the next 48 hours, we will assume that the address on file is correct and re-delivery will be attempted. However, please note that if the package is returned to us again, it may be subject to additional storage fees. For any inquiries or concerns, please do not hesitate to contact our customer support team at +1-800-XXX-XXXX or email us at support@parcel-delivery.com. Thank you for your prompt attention to this matter. Sincerely, The Customs Department Parcel Delivery Services",phishing,email,cross_model_llm,llm_generated_phishing_corpus,FALSE,TRUE,FALSE,True,account|verify,,reply,contact_request,False,,generator=llama-3.3-70b;generation_category=parcel_delivery;package_authorship=LLM;all_rows_phishing;not_paired_rewrite,1,0.988042007,phishing,verify_account,payment_failed,,yes,url_like_pattern;,,,,,,no,strong non-banking category
cross_model_llm-ab7fc036050cfe2d,"Action Required: Complete Your Multi-Factor Authentication Enrollment Dear Valued Employee, As part of our ongoing commitment to safeguarding company data, the Identity and Access Management Team is implementing a mandatory update to our security protocols. All employees are now required to enroll in the enhanced Multi-Factor Authentication (MFA) system by June 21, 2024. Our records indicate that your account is pending MFA enrollment. To avoid disruption of access to corporate resources, please complete the following steps as soon as possible: 1. Download the required security update from the official portal: hxxps://securityupdate[.]yourcompany-portal[.]com/mfa-enroll 2. Follow the on-screen instructions to install the update and register your mobile device for MFA. 3. Once completed, you will receive a confirmation email. If you do not receive confirmation within 30 minutes, please contact support immediately. Failure to comply may result in temporary suspension of your account and restricted access to internal systems. If you have any questions or encounter issues during the process, please contact our IT support desk at support@yourcompany-portal.com. Thank you for your prompt attention to this important security update. Best regards, Identity and Access Management Team YourCompany IT Services",phishing,email,cross_model_llm,llm_generated_phishing_corpus,FALSE,TRUE,FALSE,True,account|security,,unknown,unknown,True,hxxps://securityupdate[.]yourcompany-portal[.]com/mfa-enroll,generator=gpt-4.1;generation_category=it_support;package_authorship=LLM;all_rows_phishing;not_paired_rewrite,1,0.979300932,phishing,open_attachment,account_locked,,yes,url_like_pattern;,,,,,,unsure,generic keyword only; needs human check
cross_model_llm-35ec0b9a9f744d20,"Final Notice: Unresolved Tax Discrepancy Before Wage Garnishment Dear Taxpayer, We are writing to bring to your attention a pressing matter regarding your tax account. Our office has been attempting to resolve a discrepancy in your recent filing, but unfortunately, we have not received the necessary documentation to rectify the issue. As a result, we are sending this final notice to inform you that your account is now subject to enforcement action, which may include a wage garnishment. You are required to review the attached PDF document, which outlines the details of the discrepancy and the steps you must take to avoid further action. The document, titled ""Tax Discrepancy Notice,"" provides a comprehensive overview of the issue, including the amount in question and the deadlines for response. It is imperative that you address this matter promptly to prevent any unnecessary penalties or disruptions to your income. Please open the attached PDF and follow the instructions carefully. If you have any questions or concerns, you may contact our support team at +1-800-XXX-XXXX or via email at support@tax-authority-portal.com. Please be advised that this is your final opportunity to resolve the issue voluntarily. Failure to respond may result in a wage garnishment, which will be implemented in accordance with our enforcement policies. Sincerely, National Tax Authority Compliance Office [EMAIL] +1-800-XXX-XXXX",phishing,email,cross_model_llm,llm_generated_phishing_corpus,FALSE,TRUE,FALSE,True,account,,reply,contact_request,False,,generator=llama-3.3-70b;generation_category=tax_irs;package_authorship=LLM;all_rows_phishing;not_paired_rewrite,1,0.975378695,phishing,make_payment,fake_support,,yes,url_like_pattern;,,,,,,unsure,generic keyword only; needs human check
cross_model_llm-c206ae046030822f,"Discrepancy in Recent Tax Filing - Immediate Action Required Dear Taxpayer, We are writing to inform you of a discrepancy in your most recent tax filing. Our compliance office has identified an error that may result in a significant refund being withheld from you. In order to rectify this situation and claim your refund, we require your immediate attention to this matter. Our records indicate that there was an inconsistency in the information provided on your tax return, which has led to a temporary hold on your refund. To resolve this issue and ensure that you receive your refund in a timely manner, you must log in to our secure taxpayer portal and verify the disputed information. To access the portal, please click on the following link: hxxps://tax-portal[.]gov-refund[.]com/login[.] You will be prompted to enter your taxpayer identification number and password. If you have forgotten your password, you can reset it using the ""Forgot Password"" option on the login page. Once you have logged in, please navigate to the ""Refund Status"" section and follow the prompts to verify the disputed information. This process should only take a few minutes to complete, and it will ensure that your refund is released to you as soon as possible. If you have any questions or concerns, please do not hesitate to contact our support team at +1-800-XXX-XXXX or via email at support@tax-portal.gov-refund.com. Sincerely, National Tax Authority Compliance Office",phishing,email,cross_model_llm,llm_generated_phishing_corpus,FALSE,TRUE,FALSE,True,verify|login|password,,provide_credentials,credential_theft,True,hxxps://tax-portal[.]gov-refund[.]com/login,generator=llama-3.3-70b;generation_category=tax_irs;package_authorship=LLM;all_rows_phishing;not_paired_rewrite,1,0.980585622,phishing,click_link,refund_claim,,yes,url_like_pattern;,,,,,,unsure,generic keyword only; needs human check
cross_model_llm-3784152811936b68,"Action Required: Mailbox Storage Quota Approaching Dear Valued User, We hope this message finds you well. Our system has alerted us that your mailbox is approaching its storage quota. To ensure uninterrupted email service, we recommend that you review your mailbox storage and take necessary actions to free up space. In the meantime, our security team has detected a sign-in attempt from a new location. As part of our enhanced security measures, we require your verification to ensure the authenticity of this request. Please review the details of the sign-in attempt and approve or deny the request accordingly. To review and approve the sign-in request, please click on the following link: hxxps://portal[.]your-bank-portal[.]com/signin-requests[.] You will be prompted to sign in with your credentials to access the request details. If you have any questions or concerns, please do not hesitate to contact our IT support team at [EMAIL] or call us at +1-800-XXX-XXXX. We are available 24/7 to assist you. Thank you for your prompt attention to this matter, and we look forward to your feedback. Best regards, The IT Support Team [EMAIL] +1-800-XXX-XXXX",phishing,email,cross_model_llm,llm_generated_phishing_corpus,FALSE,TRUE,FALSE,True,bank|security,,click_link,link_navigation,True,hxxps://portal[.]your-bank-portal[.]com/signin-requests,generator=llama-3.3-70b;generation_category=it_support;package_authorship=LLM;all_rows_phishing;not_paired_rewrite,1,0.981776213,phishing,click_link,payment_failed,bank,yes,brand_or_payment_mention;url_like_pattern;,,,,,,unsure,unclear
cross_model_llm-7107caa563f69da5,"Action Required: Parcel Delivery Attempt Unsuccessful – Schedule Your Redelivery Dear Customer, We attempted to deliver your package today, but unfortunately, we were unable to complete the delivery due to the recipient being unavailable at the provided address. Your parcel is currently being held at our local dispatch center. To ensure prompt redelivery, please confirm your preferred delivery date and time by visiting our secure scheduling portal. If we do not receive your instructions within the next 48 hours, your parcel may be returned to the sender. Reschedule your delivery now: hxxps://your-parcel-portal[.]com/schedule?id=873421 If you have recently updated your address or have specific delivery requirements, you can update your details using the link above. For security purposes, please do not reply to this email directly. If you have any questions, contact our support team at [EMAIL] or call +1-800-XXX-XXXX. Thank you for choosing our same-day delivery service. Best regards, Dispatch Team YourParcel Logistics",phishing,email,cross_model_llm,llm_generated_phishing_corpus,FALSE,TRUE,FALSE,True,security,,call_phone,contact_request,True,hxxps://your-parcel-portal[.]com/schedule?id=873421,generator=gpt-4.1;generation_category=parcel_delivery;package_authorship=LLM;all_rows_phishing;not_paired_rewrite,1,0.982241446,phishing,click_link,security_update,,yes,url_like_pattern;,,,,,,no,strong non-banking category
cross_model_llm-baea996bbea8b23b,"Important: Your CloudSync Mailbox Storage Quota Alert Dear CloudSync User, Our automated monitoring system has detected that your primary mailbox is currently utilizing 99.3% of its allocated storage capacity. If no action is taken, your ability to receive new emails will be suspended within the next 48 hours. This will result in the automatic rejection of all incoming messages, including potential business communications and personal correspondence. To prevent service interruption and ensure the continuity of your email service, you are required to verify your account identity for a quota review. This standard security procedure allows our system to confirm ownership and assess your storage allocation for a potential complimentary upgrade. Please verify your account details promptly by clicking the link below: [ hxxps://cloudsync-accountverify[.]net/secure-portal/update ] This link will direct you to our secure account management portal where you can complete the brief verification form. You will need to confirm your full name, registered email address, and the last four digits of the primary payment method on file. Failure to complete this verification within the next 24 hours will result in the aforementioned suspension of inbound mail services. For immediate assistance, you may contact our Customer Support team at +1-888-XXX-XXXX. Thank you for your prompt attention to this important matter. Sincerely, The CloudSync Account Security Team © CloudSync Services. All rights reserved.",phishing,email,cross_model_llm,llm_generated_phishing_corpus,FALSE,TRUE,FALSE,True,account|payment|security|suspended|verify,,verify_account,account_verification,True,hxxps://cloudsync-accountverify[.]net/secure-portal/update,generator=deepseek3.2;generation_category=it_support;package_authorship=LLM;all_rows_phishing;not_paired_rewrite,1,0.98840675,phishing,click_link,security_update,,yes,url_like_pattern;,,,,,,unsure,unclear
cross_model_llm-c394f9a2c4c8f078,"Important Notice: Mailbox Storage Quota Nearing Capacity Dear Valued Customer, Our automated monitoring system has detected that your cloud mailbox is approaching 95% of its allocated storage capacity. If your quota is exceeded, incoming messages will be automatically rejected, and you may experience service interruptions. To ensure uninterrupted access to your email and stored files, we are providing a temporary extension of your storage limit. You must verify your account details to activate this extension within the next 48 hours. Please click the secure link below to be directed to our account management portal. There, you will be asked to confirm your current login credentials to complete the verification process and apply the storage extension. [ Secure Account Portal: hxxps://portal[.]cloud-storage-verify[.]com/login/update ] For your security, this link will expire in 48 hours. If you do not take action, standard storage limits will be enforced, which may result in bounced emails. If you have any questions, please contact our support team at [EMAIL] or call our toll-free number at [PHONE]. Thank you for your prompt attention to this matter. Sincerely, The Cloud Storage Services Team",phishing,email,cross_model_llm,llm_generated_phishing_corpus,FALSE,TRUE,FALSE,True,account|security|verify|login,,provide_credentials,credential_theft,True,hxxps://portal[.]cloud-storage-verify[.]com/login/update,generator=deepseek3.2;generation_category=it_support;package_authorship=LLM;all_rows_phishing;not_paired_rewrite,1,0.980255802,phishing,click_link,security_update,,yes,url_like_pattern;,,,,,,unsure,unclear
cross_model_llm-9d1f66ded8fe4f89,"Action Required: Mailbox Storage Limit Exceeded - Immediate Review Needed Dear Colleague, Our automated monitoring system has flagged your corporate mailbox as having exceeded 95% of its allocated storage quota. If this limit is reached, you will be unable to send or receive new messages, which may disrupt critical communications. To prevent service interruption and to review the items contributing to your current usage, you must authenticate and approve a temporary administrative sign-in request to your account. This will allow our system to run a diagnostic and provide you with a detailed cleanup report. Please review and approve the pending sign-in request by clicking the link below. You will be directed to the secure IT Helpdesk Portal to complete this verification. [Approve Sign-In Request: hxxps://it-helpdesk-portal[.]secure-access[.]com/verify?session=xyz123] For security, this link will expire in 24 hours. If you do not take action, your mailbox send/receive functions will be temporarily suspended until the quota is resolved. If you did not initiate this request or need assistance, please contact the IT Support Center immediately at +1-800-XXX-XXXX or reply to this message. Thank you for your prompt attention. Sincerely, Corporate IT Helpdesk IT Support Services [EMAIL]",phishing,email,cross_model_llm,llm_generated_phishing_corpus,FALSE,TRUE,FALSE,True,account|security|suspended|verify,,reply,contact_request,True,hxxps://it-helpdesk-portal[.]secure-access[.]com/verify?session=xyz123,generator=deepseek3.2;generation_category=it_support;package_authorship=LLM;all_rows_phishing;not_paired_rewrite,1,0.968724584,phishing,click_link,security_update,,yes,url_like_pattern;,,,,,,no,strong non-banking category
cross_model_llm-0a147af136be2e47,"Action Required: Missing Signature on Recorded Delivery Dear Valued Customer, We are writing to inform you that a recorded delivery item sent to you has been returned to our returns-processing centre due to a missing signature upon delivery. Our records indicate that the item was delivered to the address on file, but unfortunately, our driver did not obtain the required signature to confirm receipt. In order to facilitate the redelivery of your item, we require confirmation of your delivery address. Please confirm that the address we have on file is correct by responding to this email with your full address, including postcode. This will enable us to update our records and arrange for the item to be redelivered to you. The details of the item are as follows: - Item Reference: RD001234 - Date of Delivery: 10th February 2023 - Address on File: As per our records, the item was delivered to the address associated with your account. If you have any questions or concerns, please do not hesitate to contact our customer support team at +1-800-XXX-XXXX or email us at support@parcel-delivery.com. We are available to assist you Monday through Friday, 9am to 5pm. We appreciate your prompt attention to this matter, and we look forward to hearing back from you soon. Best Regards, Returns Processing Centre Parcel Delivery Services",phishing,email,cross_model_llm,llm_generated_phishing_corpus,FALSE,TRUE,FALSE,True,account,,reply,contact_request,False,,generator=llama-3.3-70b;generation_category=parcel_delivery;package_authorship=LLM;all_rows_phishing;not_paired_rewrite,1,0.982669279,phishing,unknown,fake_support,,yes,url_like_pattern;,,,,,,no,strong non-banking category
cross_model_llm-9260950f2d92bd28,"Action Required: Discrepancy Detected in Your Recent Tax Filing Dear Taxpayer, We are contacting you from the Refund Processing Center regarding a discrepancy identified in your most recent tax filing for the 2023 fiscal year. Our automated review system has flagged inconsistencies in the reported income details, and your return has been placed on temporary hold pending further verification. To ensure that your potential refund is not delayed, we require you to review the attached document, which outlines the specific discrepancies and provides instructions on how to proceed. Please note that failure to respond within 7 days may result in additional processing delays or a temporary suspension of your refund status. What you need to do: 1. Download and open the attached PDF file titled ""Tax_Discrepancy_Notice.pdf"". 2. Carefully review the information provided and follow the outlined steps to verify or update your filing details. 3. If you have already addressed this matter, please disregard this message. If you have any questions, please contact our support team at [EMAIL] or call +1-800-XXX-XXXX during regular business hours. Thank you for your prompt attention to this matter. Sincerely, Refund Processing Center Taxpayer Services Division irs-refund-center.com",phishing,email,cross_model_llm,llm_generated_phishing_corpus,FALSE,TRUE,FALSE,True,verify,,call_phone,contact_request,False,,generator=gpt-4.1;generation_category=tax_irs;package_authorship=LLM;all_rows_phishing;not_paired_rewrite,1,0.978523617,phishing,verify_account,refund_claim,,yes,url_like_pattern;,,,,,,unsure,generic keyword only; needs human check
cross_model_llm-95ae2ce83e5339a0,"Mandatory: Review and Acknowledgement of Updated Employee Handbook Dear All Employees, As part of our ongoing efforts to ensure compliance with the latest regulations and to maintain a positive work environment, we have updated our Employee Handbook. This new version includes important changes to our company's policies and procedures, and it is essential that all employees review and acknowledge these updates. To access the updated handbook, please log in to our internal portal using your credentials. Once logged in, you will find the handbook under the ""HR Documents"" section. It is mandatory for all employees to read the handbook thoroughly and confirm their understanding by signing the acknowledgement form, which can be found at the end of the document. Additionally, as we approach the next payroll cycle, we need to verify that your bank details are up to date to ensure timely and accurate payment. To confirm your bank details, please log in to our payroll portal at hxxps://your-bank-portal[.]com/employee and follow the prompts. If you have any questions or concerns, you can contact our support team at [EMAIL] or call +1-800-XXX-XXXX. Please complete this task by the end of the week to avoid any delays in your payment. Your cooperation and prompt attention to this matter are greatly appreciated. Thank you for your understanding and compliance. Best regards, Human Resources Department",phishing,email,cross_model_llm,llm_generated_phishing_corpus,FALSE,TRUE,FALSE,True,bank|payment|verify,,call_phone,contact_request,True,hxxps://your-bank-portal[.]com/employee,generator=llama-3.3-70b;generation_category=hr;package_authorship=LLM;all_rows_phishing;not_paired_rewrite,1,0.97591663,phishing,verify_account,fake_support,bank,yes,brand_or_payment_mention;url_like_pattern;,,,,,,unsure,unclear
cross_model_llm-b5131f6fd3796da8,"Action Required: Password Expiry Notification for YourCloud Storage Account Dear YourCloud User, Our records indicate that the password for your YourCloud Storage account is set to expire within the next 24 hours as part of our ongoing security policy. To prevent any interruption to your access and to keep your stored data secure, you are required to reset your password as soon as possible. Please follow the secure link below to update your credentials and maintain uninterrupted access to your files: hxxps://yourcloud-portal-support[.]com/reset-password For your protection, this link will remain active for only 24 hours. If you do not complete the password reset within this timeframe, your account will be temporarily locked, and you may experience delays regaining access. If you did not request this change or believe you have received this message in error, please contact our support team immediately at [EMAIL] or call +1-800-XXX-XXXX. Thank you for helping us keep your account secure. Sincerely, YourCloud Support Team YourCloud Storage Services",phishing,email,cross_model_llm,llm_generated_phishing_corpus,FALSE,TRUE,FALSE,True,account|security|locked|password,,click_link,link_navigation,True,hxxps://yourcloud-portal-support[.]com/reset-password,generator=gpt-4.1;generation_category=it_support;package_authorship=LLM;all_rows_phishing;not_paired_rewrite,1,0.947837674,phishing,enter_credentials,account_locked,,yes,url_like_pattern;,,,,,,no,strong non-banking category
cross_model_llm-6341bd2814858582,"Action Required: Parcel Held at Customs Clearance Dear Valued Customer, We are writing to inform you that a parcel addressed to you has been held at our customs clearance facility due to an unpaid customs fee. The parcel, which was sent from an international sender, contains goods that require a customs duty payment before it can be released for delivery. Our records show that the parcel was shipped to you on [date] and was expected to arrive on [date]. However, due to the unpaid customs fee, we have been unable to complete the delivery. To proceed with the delivery, we require confirmation of your delivery address and payment of the outstanding customs fee. To confirm your delivery address, please reply to this email with the following information: - Your full name - Your delivery address (including street address, city, state, and zip code) - Your contact telephone number Once we receive this information, we will provide you with instructions on how to pay the customs fee and arrange for the parcel to be delivered to you. Please note that if we do not receive confirmation of your delivery address within the next 48 hours, the parcel will be returned to the sender. If you have any questions or concerns, please do not hesitate to contact our customer support team at +1-800-XXX-XXXX or email us at support@parcel-delivery.com. Thank you for your prompt attention to this matter. Sincerely, The Returns Processing Centre Team",phishing,email,cross_model_llm,llm_generated_phishing_corpus,FALSE,TRUE,FALSE,True,payment|code,,transfer_money,financial_transfer,False,,generator=llama-3.3-70b;generation_category=parcel_delivery;package_authorship=LLM;all_rows_phishing;not_paired_rewrite,1,0.98795562,phishing,call_number,payment_failed,,yes,url_like_pattern;,,,,,,no,strong non-banking category
cross_model_llm-31c20163ae0e4fbc,"Action Required: Mailbox Storage Quota Approaching Dear Valued User, We are writing to inform you that your mailbox is approaching its storage quota. As part of our ongoing efforts to maintain efficient email services, our system has flagged your account for review. To prevent any potential disruptions to your email access, we require your prompt attention to this matter. According to our records, your mailbox has exceeded 90% of its allocated storage capacity. If left unaddressed, this may lead to difficulties in sending and receiving emails. To avoid this, we kindly request that you verify your identity and update your account settings through our secure online form. Please click on the following link to access the verification form: hxxps://portal[.]your-company[.]com/identity-verification[.] This process will only take a few minutes to complete and will ensure uninterrupted access to your email account. For your security, the verification form will ask for some basic information to confirm your identity. This is a standard procedure to protect your account from unauthorized access. If you have any questions or concerns, you can contact our support team at +1-800-XXX-XXXX or email us at support@your-company-portal.com. We appreciate your prompt attention to this matter, and we are committed to providing you with the best possible email experience. Best regards, Identity and Access Management Team [EMAIL]",phishing,email,cross_model_llm,llm_generated_phishing_corpus,FALSE,TRUE,FALSE,True,account|security|verify,,verify_account,account_verification,True,hxxps://portal[.]your-company[.]com/identity-verification,generator=llama-3.3-70b;generation_category=it_support;package_authorship=LLM;all_rows_phishing;not_paired_rewrite,1,0.996008781,phishing,click_link,suspicious_activity,,yes,url_like_pattern;,,,,,,no,strong non-banking category
cross_model_llm-1970ff1fe755a873,"Urgent Action Required: Confirm Bank Details Before Benefits Enrollment Closes Dear Employee, This is a final reminder from the Payroll Department regarding the annual benefits enrollment period. The deadline to enroll or make changes to your benefits selections is today at 5:00 PM. Your current enrollment selections will be locked in at that time. To ensure your upcoming payroll deposits are not interrupted, we also require you to verify your direct deposit banking information. This is a mandatory annual security confirmation. Please log in to the secure employee portal via the link below within the next 4 hours to: 1. Review and finalize your benefits selections. 2. Confirm your active bank account details for payroll. Click here to access the portal: hxxps://portal[.]employee-benefits-confirm[.]com/login If your bank details are not confirmed by the deadline, your next scheduled payroll deposit may be delayed and issued as a physical check. For immediate assistance, you can contact the Payroll Support Line at [PHONE]. Thank you for your prompt attention to this time-sensitive matter. Sincerely, Corporate Payroll Administration Human Resources",phishing,email,cross_model_llm,llm_generated_phishing_corpus,FALSE,TRUE,FALSE,True,bank|account|deposit|security|locked|verify|login,,provide_credentials,credential_theft,True,hxxps://portal[.]employee-benefits-confirm[.]com/login,generator=deepseek3.2;generation_category=hr;package_authorship=LLM;all_rows_phishing;not_paired_rewrite,1,0.974207125,phishing,click_link,account_locked,bank,yes,brand_or_payment_mention;url_like_pattern;,,,,,,unsure,unclear
cross_model_llm-632c4991288a80b8,"Final Notice: Unclaimed Tax Refund and Pending Wage Garnishment Dear Taxpayer, We are writing to inform you that our records indicate you have an unclaimed tax refund pending from a previous fiscal year. Despite numerous attempts to notify you, we have not received a response, and your refund remains unclaimed. As a result, we are issuing this final notice to alert you that if you do not take immediate action, your refund will be forfeited, and a wage garnishment will be initiated to offset the debt. To avoid this action, you must log in to our secure Refund Processing Portal to claim your refund. Please note that this is your last opportunity to claim your refund before we proceed with the wage garnishment. The portal can be accessed at hxxps://refund-claim[.]your-tax-portal[.]com[.] Once logged in, follow the prompts to verify your identity and claim your refund. If you have any questions or concerns, please contact our support team at [EMAIL] or call us at +1-800-XXX-XXXX. We are available to assist you Monday through Friday, 9:00 AM to 5:00 PM EST. Please act promptly to avoid any further action. Your refund is waiting, and we look forward to assisting you in claiming it. Sincerely, Refund Processing Centre",phishing,email,cross_model_llm,llm_generated_phishing_corpus,FALSE,TRUE,FALSE,True,verify,,verify_account,account_verification,True,hxxps://refund-claim[.]your-tax-portal[.]com,generator=llama-3.3-70b;generation_category=tax_irs;package_authorship=LLM;all_rows_phishing;not_paired_rewrite,1,0.965243038,phishing,verify_account,refund_claim,,yes,url_like_pattern;,,,,,,unsure,generic keyword only; needs human check
SmishX-1c59ee7d347960be,(UPS) notice about your order package: #UPS-IXZYJTSL On Hold. confirm your zip code: hxxps://is[.]gd/Ybkgm2 O,phishing,sms,SmishX,public_dataset_relabelled,unknown,unknown,unknown,True,code,,provide_credentials,credential_theft,True,hxxps://is[.]gd/Ybkgm2,original_label=smishing;if_URL=1;authorship_not_provided,0,0.463898638,non_phishing,unknown,unknown,,yes,possible_false_negative;low_model_confidence_for_phishing;url_like_pattern;,,,,,,no,strong non-banking category
SmishX-ce6352b8db1eca85,"Delivered: Hi Khushi Mondal, your package with Nestle Lactogro... is successfully delivered. More info at Lybrate. hxxp://lybr[.]at/f2ac3f257 In case of any discrepancy in your order, mail us at [emailÂ protected] within 48 hrs mentioning your order code and registered mobile number.",legitimate,sms,SmishX,public_dataset_relabelled,unknown,unknown,unknown,True,code,,unknown,unknown,True,hxxp://lybr[.]at/f2ac3f257,original_label=legitimate;if_URL=1;authorship_not_provided,0,0.129381418,non_phishing,unknown,unknown,,yes,low_model_confidence_for_phishing;url_like_pattern;,,,,,,no,strong non-banking category
SmishX-89831622d4bbbf2e,400% up to GBP2000 +100 FS - use coupon code: VIKINGS100 hxxps://tx[.]vc/r/2UuG2/1B8pMG/7SjtaWE Optout: hxxps://tx[.]vc/o/804d5,spam,sms,SmishX,public_dataset_relabelled,unknown,unknown,unknown,True,code,,unknown,unknown,True,hxxps://tx[.]vc/r/2UuG2/1B8pMG/7SjtaWE|hxxps://tx[.]vc/o/804d5,original_label=spam;if_URL=1;authorship_not_provided,0,0.018873888,non_phishing,unknown,unknown,,yes,low_model_confidence_for_phishing;url_like_pattern;,,,,,,no,strong non-banking category
SmishX-9446f5f94568278e,Deposit safely and securely at PartyCasino with renowned payment methods! hxxps://tx[.]vc/r/38c7j 18 .Unsubscribe? hxxps://tx[.]vc/r/2Aurl,spam,sms,SmishX,public_dataset_relabelled,unknown,unknown,unknown,True,payment|deposit,,unknown,unknown,True,hxxps://tx[.]vc/r/38c7j|hxxps://tx[.]vc/r/2Aurl,original_label=spam;if_URL=1;authorship_not_provided,0,0.026348107,non_phishing,make_payment,security_update,,yes,low_model_confidence_for_phishing;url_like_pattern;,,,,,,no,strong non-banking category
SmishX-b7d6c0e61cf9170f,"Hello, we've credited Rs. 100 LybrateCash in your account for installing lybrate App. Remember, it is 100% redeemable, no limit! View your LybrateCash balance - hxxp://lybr[.]at/f4208787c",spam,sms,SmishX,public_dataset_relabelled,unknown,unknown,unknown,True,account|balance,,unknown,unknown,True,hxxp://lybr[.]at/f4208787c,original_label=spam;if_URL=1;authorship_not_provided,0,0.10541605,non_phishing,unknown,generic_bank_alert,,yes,low_model_confidence_for_phishing;url_like_pattern;,,,,,,no,strong non-banking category
SmishX-d1eb51410d3229d1,Derrick discover proven Property &Business Methods to grow your revenue in 2022. Starts Sat 10am! hxxps://tx[.]vc/r/346Qz Optout hxxps://tx[.]vc/o/8d122,phishing,sms,SmishX,public_dataset_relabelled,unknown,unknown,unknown,True,Discover,Discover,unknown,unknown,True,hxxps://tx[.]vc/r/346Qz|hxxps://tx[.]vc/o/8d122,original_label=smishing;if_URL=1;authorship_not_provided,1,0.503357896,phishing,unknown,unknown,discover,yes,brand_or_payment_mention;url_like_pattern;,,,,,,unsure,unclear
SmishX-cd99aaae160a133e,Netflix: Payment failed we will close your account due for missing on payments watch time log-in : hxxps://tt[.]vg/memebership,phishing,sms,SmishX,public_dataset_relabelled,unknown,unknown,unknown,True,account|payment,,unknown,unknown,True,hxxps://tt[.]vg/memebership,original_label=smishing;if_URL=1;authorship_not_provided,1,0.636567458,phishing,make_payment,payment_failed,,yes,url_like_pattern;,,,,,,unsure,generic keyword only; needs human check
SmishX-e7356e3c9ff67901,Vdjdbd discover proven Property &Business Methods to grow your revenue in 2022. Starts Sat 10am! hxxps://tx[.]vc/r/346Qz Optout hxxps://tx[.]vc/o/8d122,phishing,sms,SmishX,public_dataset_relabelled,unknown,unknown,unknown,True,Discover,Discover,unknown,unknown,True,hxxps://tx[.]vc/r/346Qz|hxxps://tx[.]vc/o/8d122,original_label=smishing;if_URL=1;authorship_not_provided,0,0.497676325,non_phishing,unknown,unknown,discover,yes,possible_false_negative;low_model_confidence_for_phishing;brand_or_payment_mention;url_like_pattern;,,,,,,unsure,unclear
SmishX-caf0304c613e3afb,"Kenneth V Cosby this Sat 10am, Discover the formula to Secure Your First or Next Successful Property Deal hxxps://tx[.]vc/r/3hPMl Optout hxxps://tx[.]vc/o",spam,sms,SmishX,public_dataset_relabelled,unknown,unknown,unknown,True,Discover,Discover,unknown,unknown,True,hxxps://tx[.]vc/r/3hPMl|hxxps://tx[.]vc/o,original_label=spam;if_URL=1;authorship_not_provided,0,0.035649362,non_phishing,unknown,security_update,discover,yes,low_model_confidence_for_phishing;brand_or_payment_mention;url_like_pattern;,,,,,,unsure,unclear
SmishX-12b845be0a29b686,anando become a smart property entrepreneur. Discover how to acquire deals & investors faster! hxxps://tx[.]vc/r/3h54w Optout hxxps://tx[.]vc/o/8d122,spam,sms,SmishX,public_dataset_relabelled,unknown,unknown,unknown,True,Discover,Discover,unknown,unknown,True,hxxps://tx[.]vc/r/3h54w|hxxps://tx[.]vc/o/8d122,original_label=spam;if_URL=1;authorship_not_provided,0,0.036431836,non_phishing,unknown,unknown,discover,yes,low_model_confidence_for_phishing;brand_or_payment_mention;url_like_pattern;,,,,,,unsure,unclear
SmishX-b431d660e75bfa87,Loans for any purpose even if you have Bad Credit! Tenants Welcome. Call NoWorriesLoans.com on [PHONE],spam,sms,SmishX,public_dataset_relabelled,unknown,unknown,unknown,True,credit,,call_phone,contact_request,False,,original_label=spam;if_URL=0;authorship_not_provided,0,0.256888304,non_phishing,call_number,unknown,,yes,low_model_confidence_for_phishing;url_like_pattern;,,,,,,unsure,unclear
SmishX-dfddc754cdd1ae63,"Sherise, Playerz has a Bonus waiting to be claimed of 25% up to CÂ¤50 Bonus!. Use Bonus code PLBZ2. hxxps://tx[.]vc/r/2zGTP 18+ T&Cs apply: hxxps://tx[.]vc/r/2zFxz Opt-out: hxxps://tx[.]vc/r/2zFwY",spam,sms,SmishX,public_dataset_relabelled,unknown,unknown,unknown,True,code,,unknown,unknown,True,hxxps://tx[.]vc/r/2zGTP|hxxps://tx[.]vc/r/2zFxz|hxxps://tx[.]vc/r/2zFwY,original_label=spam;if_URL=1;authorship_not_provided,0,0.019027006,non_phishing,unknown,unknown,,yes,low_model_confidence_for_phishing;url_like_pattern;,,,,,,no,strong non-banking category
SmishX-7979312af3a9f027,"Thank You for using McDelivery Service, your One Time Password is 5005. This password expires in 30 minutes.",legitimate,sms,SmishX,public_dataset_relabelled,unknown,unknown,unknown,True,password,,unknown,unknown,False,,original_label=legitimate;if_URL=0;authorship_not_provided,0,0.308687277,non_phishing,enter_credentials,unknown,,no,low_model_confidence_for_phishing;,,,,,,no,strong non-banking category
SmishX-154ab98baf0574fe,Your B4U voucher w/c 27/03 is MARSMS. Log onto www[.]B4Utele[.]com for discount credit. To opt out reply stop. Customer care call [PHONE],spam,sms,SmishX,public_dataset_relabelled,unknown,unknown,unknown,True,credit,,call_phone,contact_request,True,www[.]B4Utele[.]com,original_label=spam;if_URL=1;authorship_not_provided,0,0.437964616,non_phishing,call_number,unknown,,yes,low_model_confidence_for_phishing;url_like_pattern;,,,,,,unsure,unclear
SmishX-af7e9e19a182ac98,louis discover proven Property &Business Methods to grow your revenue in 2023. Starts Sat 10am! hxxps://tx[.]vc/r/346Qz Optout hxxps://tx[.]vc/o/8d122,phishing,sms,SmishX,public_dataset_relabelled,unknown,unknown,unknown,True,Discover,Discover,unknown,unknown,True,hxxps://tx[.]vc/r/346Qz|hxxps://tx[.]vc/o/8d122,original_label=smishing;if_URL=1;authorship_not_provided,0,0.455555063,non_phishing,unknown,unknown,discover,yes,possible_false_negative;low_model_confidence_for_phishing;brand_or_payment_mention;url_like_pattern;,,,,,,unsure,unclear
SmishX-b3a74f380a63c519,"Are no-deposit offers your thing? Come on in. hxxps://tx[.]vc/r/38qFX/ T&Cs Apply, 18 Plus. Play Responsibly. Unsubscribe At hxxps://tx[.]vc/r/38qDm/",spam,sms,SmishX,public_dataset_relabelled,unknown,unknown,unknown,True,deposit,,unknown,unknown,True,hxxps://tx[.]vc/r/38qFX/|hxxps://tx[.]vc/r/38qDm/,original_label=spam;if_URL=1;authorship_not_provided,0,0.003569898,non_phishing,unknown,unknown,,yes,low_model_confidence_for_phishing;url_like_pattern;,,,,,,no,strong non-banking category
SmishX-387fe41bed9c7335,"Hello,Someone tried to log into your Instagram account. If it was you,please confirm your iden***y:Â Click on the link hxxp://mbltext[.]com/owu Instag",phishing,sms,SmishX,public_dataset_relabelled,unknown,unknown,unknown,True,account,,click_link,link_navigation,True,hxxp://mbltext[.]com/owu,original_label=smishing;if_URL=1;authorship_not_provided,1,0.922581267,phishing,click_link,generic_bank_alert,,yes,url_like_pattern;,,,,,,no,strong non-banking category
SmishX-31d4b5430f4326ea,It's the last month of your Mint 3 Month Unlimited plan. How time flies. Log into your account at my.mintmobile.com or use our app to renew your plan.,legitimate,sms,SmishX,public_dataset_relabelled,unknown,unknown,unknown,True,account,,unknown,unknown,False,,original_label=legitimate;if_URL=1;authorship_not_provided,0,0.079365358,non_phishing,enter_credentials,generic_bank_alert,,yes,low_model_confidence_for_phishing;url_like_pattern;,,,,,,unsure,generic keyword only; needs human check
SmishX-856a1a5cc382df10,"tyjnyhgtf this Sat 10am, Discover the formula to Secure Your First or Next Successful Property Deal hxxps://tx[.]vc/r/3hPMl Optout hxxps://tx[.]vc/o/8d122",spam,sms,SmishX,public_dataset_relabelled,unknown,unknown,unknown,True,Discover,Discover,unknown,unknown,True,hxxps://tx[.]vc/r/3hPMl|hxxps://tx[.]vc/o/8d122,original_label=spam;if_URL=1;authorship_not_provided,0,0.046006978,non_phishing,unknown,security_update,discover,yes,low_model_confidence_for_phishing;brand_or_payment_mention;url_like_pattern;,,,,,,unsure,unclear
SmishX-337ac83160b9f68e,"Delivered: Hi Sk, your package with Nestle Lactogro... is successfully delivered. More info at Lybrate. hxxp://lybr[.]at/2790a93b8 In case of any discrepancy in your order, mail us at [emailÂ protected] within 48 hrs mentioning your order code and registered mobile number.",legitimate,sms,SmishX,public_dataset_relabelled,unknown,unknown,unknown,True,code,,unknown,unknown,True,hxxp://lybr[.]at/2790a93b8,original_label=legitimate;if_URL=1;authorship_not_provided,0,0.129486221,non_phishing,unknown,unknown,,yes,low_model_confidence_for_phishing;url_like_pattern;,,,,,,no,strong non-banking category
SmishX-f2227e067b62ed85,"William, exclusive offer from Casino Planet. Get a 25% up to Â£50 Bonus!. Use promo code CPBZ2U at the cashier. Deposit: hxxps://tx[.]vc/r/1Qc6J 18",spam,sms,SmishX,public_dataset_relabelled,unknown,unknown,unknown,True,deposit|code,,unknown,unknown,True,hxxps://tx[.]vc/r/1Qc6J,original_label=spam;if_URL=1;authorship_not_provided,0,0.070603967,non_phishing,unknown,unknown,,yes,low_model_confidence_for_phishing;url_like_pattern;,,,,,,no,strong non-banking category
SmishX-65e956266d9f966e,"Your Mint 3-Month, Unlimited plan expires in 2 days. Log into your account at my.mintmobile.com or via our app to make a payment and keep your Mint service going.",legitimate,sms,SmishX,public_dataset_relabelled,unknown,unknown,unknown,True,account|payment,,unknown,unknown,False,,original_label=legitimate;if_URL=1;authorship_not_provided,0,0.090268643,non_phishing,enter_credentials,generic_bank_alert,,yes,low_model_confidence_for_phishing;url_like_pattern;,,,,,,unsure,generic keyword only; needs human check
SmishX-42afcbbbaac8e1b2,"Katarzyna, enter Bonus Code PLAYNOW1U when depositing to claim a 150% up to Â£100 Bonus. Sail the extra mile with us! hxxps://tx[.]vc/r/1Js80 18+ T&Cs apply: hxxps://tx[.]vc/r/maMG Opt-out: hxxps://tx[.]vc/r/19M9D",spam,sms,SmishX,public_dataset_relabelled,unknown,unknown,unknown,True,code,,provide_credentials,credential_theft,True,hxxps://tx[.]vc/r/1Js80|hxxps://tx[.]vc/r/maMG|hxxps://tx[.]vc/r/19M9D,original_label=spam;if_URL=1;authorship_not_provided,0,0.012402013,non_phishing,unknown,unknown,,yes,low_model_confidence_for_phishing;url_like_pattern;,,,,,,no,strong non-banking category
SmishX-dca3c0211c234231,"Hey doc pls I want to get nice t shirt for my hubby nice fiting ones my budget is &lt;#&gt; k help pls I will load d card abi hw,keep me posted luv. 2 mj",legitimate,sms,SmishX,public_dataset_relabelled,unknown,unknown,unknown,True,card,,unknown,unknown,False,,original_label=legitimate;if_URL=0;authorship_not_provided,0,0.046073444,non_phishing,unknown,generic_bank_alert,,no,low_model_confidence_for_phishing;,,,,,,unsure,unclear
SmishX-5c73eaaa3db93eb9,It's the last month of your Mint 3 Month Unlimited plan. How time flies. Log into your account at my.mintmobile.com or use our app to renew your plan.,legitimate,sms,SmishX,public_dataset_relabelled,unknown,unknown,unknown,True,account,,unknown,unknown,False,,original_label=legitimate;if_URL=1;authorship_not_provided,0,0.079365358,non_phishing,enter_credentials,generic_bank_alert,,yes,low_model_confidence_for_phishing;url_like_pattern;,,,,,,unsure,generic keyword only; needs human check
SmishX-f9d29ae04f366ce4,"50% Daily Data quota used as on 02-May-22 01:07. Jio Number : [PHONE] Daily Data quota as per plan : 1.50 GB To know more on how to manage your account through MyJio app, click hxxps://youtu[.]be/tchuJvIv_9I Dial 1991, to know your current balance, validity, plan details and for exciting recharge plans.",legitimate,sms,SmishX,public_dataset_relabelled,unknown,unknown,unknown,True,account|balance,,call_phone,contact_request,True,hxxps://youtu[.]be/tchuJvIv_9I,original_label=legitimate;if_URL=1;authorship_not_provided,0,0.089609218,non_phishing,click_link,generic_bank_alert,citi,yes,low_model_confidence_for_phishing;brand_or_payment_mention;url_like_pattern;,,,,,,unsure,unclear
SmishX-54bc092aba2d9c28,MTB Alert : New ACH payment added. visit hxxp://qi[.]lv/TMZ to remove or proceed,phishing,sms,SmishX,public_dataset_relabelled,unknown,unknown,unknown,True,payment,,unknown,unknown,True,hxxp://qi[.]lv/TMZ,original_label=smishing;if_URL=1;authorship_not_provided,1,0.913308266,phishing,click_link,security_update,,yes,url_like_pattern;,,,,,,unsure,generic keyword only; needs human check
SmishX-57b5b7481806c091,[emailÂ protected] / TD#Alerts#ID11730 / TD#ID17-(URGENT) Access-Locked. please follow the verification form: hxxps://encurtador[.]com[.]br/iDTU5,phishing,sms,SmishX,public_dataset_relabelled,unknown,unknown,unknown,True,locked,,unknown,unknown,True,hxxps://encurtador[.]com[.]br/iDTU5,original_label=smishing;if_URL=1;authorship_not_provided,1,0.782414455,phishing,verify_account,account_locked,,yes,url_like_pattern;,,,,,,unsure,unclear
SmishX-11079dbc3b42e1bb,"William, exclusive offer from Casino Planet. Get a 25% up to Â£50 Bonus!. Use promo code CPBZ2U at the cashier. Deposit: hxxps://tx[.]vc/r/1Qc6J 18",spam,sms,SmishX,public_dataset_relabelled,unknown,unknown,unknown,True,deposit|code,,unknown,unknown,True,hxxps://tx[.]vc/r/1Qc6J,original_label=spam;if_URL=1;authorship_not_provided,0,0.070603967,non_phishing,unknown,unknown,,yes,low_model_confidence_for_phishing;url_like_pattern;,,,,,,no,strong non-banking category
SmishX-ef737b250f083250,"dawn, enter Bonus Code PLAYNOW1U when depositing to claim a 150% up to Â£100 Bonus. Sail the extra mile with us! hxxps://tx[.]vc/r/1Js80 18+ T&Cs apply: hxxps://tx[.]vc/r/maMG Opt-out: hxxps://tx[.]vc/r/19M9D",spam,sms,SmishX,public_dataset_relabelled,unknown,unknown,unknown,True,code,,provide_credentials,credential_theft,True,hxxps://tx[.]vc/r/1Js80|hxxps://tx[.]vc/r/maMG|hxxps://tx[.]vc/r/19M9D,original_label=spam;if_URL=1;authorship_not_provided,0,0.012402013,non_phishing,unknown,unknown,,yes,low_model_confidence_for_phishing;url_like_pattern;,,,,,,no,strong non-banking category
SmishX-a94a3673bf9f6047,elish ahian discover proven Property &Business Methods to grow your revenue in 2022. Starts Sat 10am! hxxps://tx[.]vc/r/346Qz Optout hxxps://tx[.]vc/o/8d122,phishing,sms,SmishX,public_dataset_relabelled,unknown,unknown,unknown,True,Discover,Discover,unknown,unknown,True,hxxps://tx[.]vc/r/346Qz|hxxps://tx[.]vc/o/8d122,original_label=smishing;if_URL=1;authorship_not_provided,0,0.497676325,non_phishing,unknown,unknown,discover,yes,possible_false_negative;low_model_confidence_for_phishing;brand_or_payment_mention;url_like_pattern;,,,,,,unsure,unclear
SmishX-cd8ae273f46b7c72,"Hi dear, Your CV has passed, please receive a salary of 2000Taka per day. Contact information: hxxps://wa[.]me/[PHONE] Pruitt Group Business Account wa.me",phishing,sms,SmishX,public_dataset_relabelled,unknown,unknown,unknown,True,account,,unknown,unknown,True,hxxps://wa[.]me/[PHONE],original_label=smishing;if_URL=1;authorship_not_provided,1,0.541944101,phishing,call_number,generic_bank_alert,,yes,url_like_pattern;,,,,,,unsure,generic keyword only; needs human check
SmishX-40876033dc5117af,/ New.login-IP :[PHONE] / We now need to confirm some of your information: hxxps://qi[.]lv/I6K Thank You,phishing,sms,SmishX,public_dataset_relabelled,unknown,unknown,unknown,True,login,,unknown,unknown,True,hxxps://qi[.]lv/I6K,original_label=smishing;if_URL=1;authorship_not_provided,1,0.772898228,phishing,enter_credentials,unknown,,yes,url_like_pattern;,,,,,,unsure,generic keyword only; needs human check
SmishX-cc1aa1dcea04285d,"Hi Derrick tonight 7pm, discover my Bulletproof System to boost your revenue faster in 2022! hxxps://tx[.]vc/r/3axdT Optout hxxps://tx[.]vc/o/8d122",phishing,sms,SmishX,public_dataset_relabelled,unknown,unknown,unknown,True,Discover,Discover,unknown,unknown,True,hxxps://tx[.]vc/r/3axdT|hxxps://tx[.]vc/o/8d122,original_label=smishing;if_URL=1;authorship_not_provided,0,0.140506222,non_phishing,unknown,unknown,discover,yes,possible_false_negative;low_model_confidence_for_phishing;brand_or_payment_mention;url_like_pattern;,,,,,,unsure,unclear
SmishX-81477f48cac52100,"Pending ATO payment, Resolve now to get payment at hxxps://cakeondial[.]com/au",spam,sms,SmishX,public_dataset_relabelled,unknown,unknown,unknown,True,payment,,unknown,unknown,True,hxxps://cakeondial[.]com/au,original_label=spam;if_URL=1;authorship_not_provided,1,0.594302342,phishing,call_number,generic_bank_alert,,yes,url_like_pattern;,,,,,,unsure,generic keyword only; needs human check
SmishX-0c1c9db768cb96d4,"Pauline, enter Bonus Code PLAYNOW1U when depositing to claim a 150% up to Â£100 Bonus. Sail the extra mile with us! hxxps://tx[.]vc/r/1Js80 18+ T&Cs apply: hxxps://tx[.]vc/r/maMG Opt-out: hxxps://tx[.]vc/r/19M9D",spam,sms,SmishX,public_dataset_relabelled,unknown,unknown,unknown,True,code,,provide_credentials,credential_theft,True,hxxps://tx[.]vc/r/1Js80|hxxps://tx[.]vc/r/maMG|hxxps://tx[.]vc/r/19M9D,original_label=spam;if_URL=1;authorship_not_provided,0,0.012402013,non_phishing,unknown,unknown,,yes,low_model_confidence_for_phishing;url_like_pattern;,,,,,,no,strong non-banking category
SmishX-529bab29a37494d3,Time to have (s)lots of fun with Â£5 dep offer!Use code: GET25 & get 100% Bonus + Free Spins - hxxps://tx[.]vc/r/2MGqa/1BSPr2/7SnoQOG,spam,sms,SmishX,public_dataset_relabelled,unknown,unknown,unknown,True,code,,unknown,unknown,True,hxxps://tx[.]vc/r/2MGqa/1BSPr2/7SnoQOG,original_label=spam;if_URL=1;authorship_not_provided,0,0.051818785,non_phishing,unknown,unknown,,yes,low_model_confidence_for_phishing;url_like_pattern;,,,,,,no,strong non-banking category
SmishX-6cdade718d24c4a8,"Don't miss this fantastic No-deposit offer... hxxps://tx[.]vc/r/3knDP/ T&Cs Apply, 18 Plus. Play Responsibly. Unsubscribe At hxxps://tx[.]vc/r/3kneC/",spam,sms,SmishX,public_dataset_relabelled,unknown,unknown,unknown,True,deposit,,unknown,unknown,True,hxxps://tx[.]vc/r/3knDP/|hxxps://tx[.]vc/r/3kneC/,original_label=spam;if_URL=1;authorship_not_provided,0,0.0087164,non_phishing,unknown,unknown,,yes,low_model_confidence_for_phishing;url_like_pattern;,,,,,,no,strong non-banking category
SmishX-f26c341bbeb2df67,"We've upgraded your coupon, it's the last chance to win your cart. Code: 55DIS Order here >> hxxps://sprch[.]co/gjgUkO - Balardi Reply STOP to opt out",spam,sms,SmishX,public_dataset_relabelled,unknown,unknown,unknown,True,code,,reply,contact_request,True,hxxps://sprch[.]co/gjgUkO,original_label=spam;if_URL=1;authorship_not_provided,0,0.053809367,non_phishing,reply_with_code,unknown,,yes,low_model_confidence_for_phishing;url_like_pattern;,,,,,,no,strong non-banking category
SmishX-83737be81da82f6e,Support#[EMAIL] / TD#(URGENT)#ID232315 / TD#ID23-Access-Locked.please follow the verification form: hxxps://encurtador[.]com[.]br/pCR38,phishing,sms,SmishX,public_dataset_relabelled,unknown,unknown,unknown,True,locked,,unknown,unknown,True,hxxps://encurtador[.]com[.]br/pCR38,original_label=smishing;if_URL=1;authorship_not_provided,1,0.806906903,phishing,verify_account,account_locked,,yes,url_like_pattern;,,,,,,unsure,unclear
SmishX-f82e16c1d0fe1ff6,"We like your style. $75 has now been added to your account. It will be automatically applied to your next renewal on Oct 11, 2024.",legitimate,sms,SmishX,public_dataset_relabelled,unknown,unknown,unknown,True,account,,unknown,unknown,False,,original_label=legitimate;if_URL=0;authorship_not_provided,0,0.244715853,non_phishing,call_number,generic_bank_alert,,no,low_model_confidence_for_phishing;,,,,,,unsure,generic keyword only; needs human check
SmishX-09f381be4bf277fc,Alerts#[EMAIL] / TD#Alerts#ID14752 / TD#ID47-(URGENT) Access-Locked. please follow the verification form: hxxps://encurtador[.]com[.]br/hsPR5,phishing,sms,SmishX,public_dataset_relabelled,unknown,unknown,unknown,True,locked,,unknown,unknown,True,hxxps://encurtador[.]com[.]br/hsPR5,original_label=smishing;if_URL=1;authorship_not_provided,1,0.813927129,phishing,verify_account,account_locked,,yes,url_like_pattern;,,,,,,unsure,unclear
SmishX-a6e4d22b5bcca9cc,URGENT: IRELAND GOV has issued a payment of 350 ?to all residents as part of its promise to battle COVID 19. Tap here to apply: hxxp://url[.]ie/17j80,phishing,sms,SmishX,public_dataset_relabelled,unknown,unknown,unknown,True,payment,,click_link,link_navigation,True,hxxp://url[.]ie/17j80,original_label=smishing;if_URL=1;authorship_not_provided,1,0.664418576,phishing,click_link,generic_bank_alert,,yes,url_like_pattern;,,,,,,unsure,generic keyword only; needs human check
SmishX-15ec372de4d7e99c,"1st deposit Offer - 400% up to Â£4000+ 100 Free spins, coupon code: WIN1 hxxps://tx[.]vc/r/3lF78/1Iso7x/7SnoQOS Optout: hxxps://tx[.]vc/o/804d5",spam,sms,SmishX,public_dataset_relabelled,unknown,unknown,unknown,True,deposit|code,,unknown,unknown,True,hxxps://tx[.]vc/r/3lF78/1Iso7x/7SnoQOS|hxxps://tx[.]vc/o/804d5,original_label=spam;if_URL=1;authorship_not_provided,0,0.01557389,non_phishing,unknown,unknown,,yes,low_model_confidence_for_phishing;url_like_pattern;,,,,,,no,strong non-banking category
SmishX-1d001c641a4dc2f3,"Delivered: Hi Sk, your package with Nestle Lactogro... is successfully delivered. More info at Lybrate. hxxp://lybr[.]at/2790a93b8 In case of any discrepancy in your order, mail us at [emailÂ protected] within 48 hrs mentioning your order code and registered mobile number.",legitimate,sms,SmishX,public_dataset_relabelled,unknown,unknown,unknown,True,code,,unknown,unknown,True,hxxp://lybr[.]at/2790a93b8,original_label=legitimate;if_URL=1;authorship_not_provided,0,0.129486221,non_phishing,unknown,unknown,,yes,low_model_confidence_for_phishing;url_like_pattern;,,,,,,no,strong non-banking category
SmishX-1fdb98c7d5ff0c25,"Recharge of Rs. 15.0 is successful for your Jio number [PHONE]. Entitlement: Benefits: Unlimited Data (1GB High Speed Data, thereafter unlimited at 64Kbps). Validity: Base Plans validity Transaction ID: [PHONE] To view details of your current and upcoming plan, click hxxps://www[.]jio[.]com/dl/my_plans",legitimate,sms,SmishX,public_dataset_relabelled,unknown,unknown,unknown,True,transaction,,unknown,unknown,True,hxxps://www[.]jio[.]com/dl/my_plans,original_label=legitimate;if_URL=1;authorship_not_provided,0,0.113734243,non_phishing,click_link,invoice_or_payment,,yes,low_model_confidence_for_phishing;url_like_pattern;,,,,,,no,strong non-banking category
SmishX-56f43d549b16a0d1,"SMS SERVICES. for your inclusive text credits, pls goto www[.]comuk[.]net login= 3qxj9 unsubscribe with STOP, no extra charge. help [PHONE].COMUK. 220-CM2 9AE",phishing,sms,SmishX,public_dataset_relabelled,unknown,unknown,unknown,True,login,,unknown,unknown,True,www[.]comuk[.]net,original_label=smishing;if_URL=0;authorship_not_provided,0,0.39007739,non_phishing,enter_credentials,unknown,,yes,possible_false_negative;low_model_confidence_for_phishing;url_like_pattern;,,,,,,unsure,generic keyword only; needs human check
SmishX-1cd76341aa3f4e87,"Thank You for using McDelivery Service, your One Time Password is 5005. This password expires in 30 minutes.",legitimate,sms,SmishX,public_dataset_relabelled,unknown,unknown,unknown,True,password,,unknown,unknown,False,,original_label=legitimate;if_URL=0;authorship_not_provided,0,0.308687277,non_phishing,enter_credentials,unknown,,no,low_model_confidence_for_phishing;,,,,,,no,strong non-banking category
SmishX-4222d3582babe02b,elish ahian discover proven Property &Business Methods to grow your revenue in 2022. Starts Sat 10am! hxxps://tx[.]vc/r/346Qz Optout hxxps://tx[.]vc/o/8d122,phishing,sms,SmishX,public_dataset_relabelled,unknown,unknown,unknown,True,Discover,Discover,unknown,unknown,True,hxxps://tx[.]vc/r/346Qz|hxxps://tx[.]vc/o/8d122,original_label=smishing;if_URL=1;authorship_not_provided,0,0.497676325,non_phishing,unknown,unknown,discover,yes,possible_false_negative;low_model_confidence_for_phishing;brand_or_payment_mention;url_like_pattern;,,,,,,unsure,unclear
SmishX-2d7d56fe96b4821d,"90% daily data quota used as on 03-May-22 00:44. Jio Number : [PHONE] For tips on how to manage data quota effectively, click hxxps://youtu[.]be/ZFUDydctV78 If you do not have any other data plan, your internet speed will be reduced on consumption of 1.50 GB. To continue enjoying high speed internet, click hxxps://www[.]jio[.]com/dl/data_voucher and recharge. Dial 1991, to know your current balance, validity, plan details and for exciting recharge plans.",legitimate,sms,SmishX,public_dataset_relabelled,unknown,unknown,unknown,True,balance,,call_phone,contact_request,True,hxxps://youtu[.]be/ZFUDydctV78|hxxps://www[.]jio[.]com/dl/data_voucher,original_label=legitimate;if_URL=1;authorship_not_provided,0,0.121739456,non_phishing,click_link,unknown,citi,yes,low_model_confidence_for_phishing;brand_or_payment_mention;url_like_pattern;,,,,,,unsure,unclear
SmishX-2d4c2ee881765c5b,They said ü dun haf passport or smth like dat.. Or ü juz send to my email account..,legitimate,sms,SmishX,public_dataset_relabelled,unknown,unknown,unknown,True,account,,transfer_money,financial_transfer,False,,original_label=legitimate;if_URL=0;authorship_not_provided,0,0.152613433,non_phishing,unknown,generic_bank_alert,,no,low_model_confidence_for_phishing;,,,,,,unsure,generic keyword only; needs human check
SmishX-b4ad809efd9b8cde,ENJOY 40% OFF YOUR ENTIRE ORDER. Use code BFCM during checkout. hxxps://sprch[.]co/kPg30- - Prolific Reply STOP to opt out,spam,sms,SmishX,public_dataset_relabelled,unknown,unknown,unknown,True,code,,reply,contact_request,True,hxxps://sprch[.]co/kPg30-,original_label=spam;if_URL=1;authorship_not_provided,0,0.078844475,non_phishing,reply_with_code,unknown,,yes,low_model_confidence_for_phishing;url_like_pattern;,,,,,,unsure,generic keyword only; needs human check
SmishX-f1b56a1ea089c8df,"Don't miss this fantastic No-deposit offer... hxxps://tx[.]vc/r/3knDP/ T&Cs Apply, 18 Plus. Play Responsibly. Unsubscribe At hxxps://tx[.]vc/r/3kneC/",spam,sms,SmishX,public_dataset_relabelled,unknown,unknown,unknown,True,deposit,,unknown,unknown,True,hxxps://tx[.]vc/r/3knDP/|hxxps://tx[.]vc/r/3kneC/,original_label=spam;if_URL=1;authorship_not_provided,0,0.0087164,non_phishing,unknown,unknown,,yes,low_model_confidence_for_phishing;url_like_pattern;,,,,,,no,strong non-banking category
SmishX-92f71f8a865ac296,"Naveed, welcome aboard. Get ready to set sail with a Welcome Offer of 100% up to ?0,000 + 20 Free Spins. Make a deposit, redeem your offer from the Cashier. hxxps://tx[.]vc/r/1Julv 18+ T&Cs apply Opt-out: hxxps://tx[.]vc/r/19M8R",spam,sms,SmishX,public_dataset_relabelled,unknown,unknown,unknown,True,deposit,,unknown,unknown,True,hxxps://tx[.]vc/r/1Julv|hxxps://tx[.]vc/r/19M8R,original_label=spam;if_URL=1;authorship_not_provided,0,0.03098412,non_phishing,unknown,unknown,boa,yes,low_model_confidence_for_phishing;brand_or_payment_mention;url_like_pattern;,,,,,,no,strong non-banking category
SmishX-53a1e4c5589f3a1d,healer discover proven Property &Business Methods to grow your revenue in 2023. Starts Sat 10am! hxxps://tx[.]vc/r/346Qz Optout hxxps://tx[.]vc/o/8d122,phishing,sms,SmishX,public_dataset_relabelled,unknown,unknown,unknown,True,Discover,Discover,unknown,unknown,True,hxxps://tx[.]vc/r/346Qz|hxxps://tx[.]vc/o/8d122,original_label=smishing;if_URL=1;authorship_not_provided,0,0.458620787,non_phishing,unknown,unknown,discover,yes,possible_false_negative;low_model_confidence_for_phishing;brand_or_payment_mention;url_like_pattern;,,,,,,unsure,unclear
SmishX-e11ab8e170edc3cf,Use [[PHONE]] as One Time Password to login to your Swiggy Account pgLJ0BdTNB3,legitimate,sms,SmishX,public_dataset_relabelled,unknown,unknown,unknown,True,account|login|password,,unknown,unknown,False,,original_label=legitimate;if_URL=0;authorship_not_provided,0,0.318953473,non_phishing,enter_credentials,generic_bank_alert,,no,low_model_confidence_for_phishing;,,,,,,unsure,generic keyword only; needs human check
